ISO-10303-21;
HEADER;
/* Generated by software containing ST-Developer
 * from STEP Tools, Inc. (www.steptools.com) 
 */

FILE_DESCRIPTION(
/* description */ (''),
/* implementation_level */ '2;1');

FILE_NAME(
/* name */ 'Cap_garra_v3.step',
/* time_stamp */ '2026-01-06T16:25:06-03:00',
/* author */ (''),
/* organization */ (''),
/* preprocessor_version */ 'ST-DEVELOPER v20.1',
/* originating_system */ 'Autodesk Translation Framework v14.21.0.0',
/* authorisation */ '');

FILE_SCHEMA (('AUTOMOTIVE_DESIGN { 1 0 10303 214 3 1 1 }'));
ENDSEC;

DATA;
#10=MECHANICAL_DESIGN_GEOMETRIC_PRESENTATION_REPRESENTATION('',(#13),#3719);
#11=SHAPE_REPRESENTATION_RELATIONSHIP('SRR','None',#3726,#12);
#12=ADVANCED_BREP_SHAPE_REPRESENTATION('',(#14),#3718);
#13=STYLED_ITEM('',(#3735),#14);
#14=MANIFOLD_SOLID_BREP('Body3',#2126);
#15=ELLIPSE('',#2208,8.34386001800126,5.9);
#16=ELLIPSE('',#2210,8.34386001800126,5.9);
#17=ELLIPSE('',#2215,8.34386001800126,5.9);
#18=ELLIPSE('',#2220,8.34386001800126,5.9);
#19=ELLIPSE('',#2234,9.32420684741245,8.075);
#20=ELLIPSE('',#2236,9.32420684741246,8.075);
#21=ELLIPSE('',#2240,9.32420684741244,8.075);
#22=ELLIPSE('',#2242,9.32420684741246,8.075);
#23=ELLIPSE('',#2245,9.32420684741246,8.075);
#24=ELLIPSE('',#2247,9.32420684741246,8.075);
#25=ELLIPSE('',#2251,9.32420684741246,8.075);
#26=ELLIPSE('',#2253,9.32420684741246,8.075);
#27=ELLIPSE('',#2266,8.34386001800126,5.9);
#28=ELLIPSE('',#2268,8.34386001800126,5.9);
#29=ELLIPSE('',#2271,8.34386001800126,5.9);
#30=ELLIPSE('',#2273,8.34386001800126,5.9);
#31=B_SPLINE_CURVE_WITH_KNOTS('',3,(#3010,#3011,#3012,#3013,#3014,#3015),
 .UNSPECIFIED.,.F.,.F.,(4,2,4),(0.,0.110546064293101,0.184756180059259),
 .UNSPECIFIED.);
#32=B_SPLINE_CURVE_WITH_KNOTS('',3,(#3018,#3019,#3020,#3021,#3022,#3023),
 .UNSPECIFIED.,.F.,.F.,(4,2,4),(-0.184756180059258,-0.110546064293101,0.),
 .UNSPECIFIED.);
#33=B_SPLINE_CURVE_WITH_KNOTS('',3,(#3028,#3029,#3030,#3031,#3032,#3033,
#3034,#3035,#3036,#3037,#3038,#3039,#3040,#3041,#3042,#3043,#3044,#3045,
#3046,#3047,#3048,#3049,#3050,#3051,#3052,#3053,#3054,#3055,#3056,#3057,
#3058),.UNSPECIFIED.,.F.,.F.,(4,2,2,2,2,2,2,3,2,2,2,2,2,2,4),(-0.54388183785789,
-0.450482124873777,-0.361378128437038,-0.272274132000299,-0.200208670587878,
-0.128143209175457,-0.0640716045877288,0.,0.0640716045877287,0.128143209175457,
0.200208670587878,0.272274132000299,0.361378128437038,0.450482124873777,
0.54388183785789),.UNSPECIFIED.);
#34=B_SPLINE_CURVE_WITH_KNOTS('',3,(#3062,#3063,#3064,#3065,#3066,#3067),
 .UNSPECIFIED.,.F.,.F.,(4,2,4),(0.,0.1105460642931,0.184756180059258),
 .UNSPECIFIED.);
#35=B_SPLINE_CURVE_WITH_KNOTS('',3,(#3070,#3071,#3072,#3073,#3074,#3075),
 .UNSPECIFIED.,.F.,.F.,(4,2,4),(-0.184756180059258,-0.110546064293101,0.),
 .UNSPECIFIED.);
#36=B_SPLINE_CURVE_WITH_KNOTS('',3,(#3080,#3081,#3082,#3083,#3084,#3085,
#3086,#3087,#3088,#3089,#3090,#3091,#3092,#3093,#3094,#3095,#3096,#3097,
#3098,#3099,#3100,#3101,#3102,#3103,#3104,#3105,#3106,#3107,#3108,#3109,
#3110),.UNSPECIFIED.,.F.,.F.,(4,2,2,2,2,2,2,3,2,2,2,2,2,2,4),(-0.54388183785789,
-0.450482124873778,-0.361378128437039,-0.272274132000299,-0.200208670587878,
-0.128143209175457,-0.0640716045877288,0.,0.0640716045877287,0.128143209175457,
0.200208670587878,0.272274132000299,0.361378128437038,0.450482124873777,
0.54388183785789),.UNSPECIFIED.);
#37=B_SPLINE_CURVE_WITH_KNOTS('',3,(#3257,#3258,#3259,#3260,#3261,#3262,
#3263,#3264,#3265,#3266,#3267,#3268,#3269,#3270),.UNSPECIFIED.,.F.,.F.,
(4,2,2,2,2,2,4),(1.33886743644514,1.37002614982393,1.56842594438987,1.76682573895582,
1.96522553352176,2.16362532808771,2.19478404146513),.UNSPECIFIED.);
#38=B_SPLINE_CURVE_WITH_KNOTS('',3,(#3290,#3291,#3292,#3293,#3294,#3295,
#3296,#3297,#3298,#3299,#3300,#3301,#3302,#3303),.UNSPECIFIED.,.F.,.F.,
(4,2,2,2,2,2,4),(1.45182289685713,1.48298161023592,1.68138140480186,1.87978119936781,
2.07818099393375,2.27658078849969,2.30773950187712),.UNSPECIFIED.);
#39=B_SPLINE_CURVE_WITH_KNOTS('',3,(#3622,#3623,#3624,#3625,#3626,#3627,
#3628,#3629,#3630,#3631,#3632,#3633,#3634,#3635),.UNSPECIFIED.,.F.,.F.,
(4,2,2,2,2,2,4),(0.3870653125683,0.418224025947089,0.616623820513033,0.815023615078976,
1.01342340964492,1.21182320421086,1.24298191758829),.UNSPECIFIED.);
#40=B_SPLINE_CURVE_WITH_KNOTS('',3,(#3652,#3653,#3654,#3655,#3656,#3657,
#3658,#3659,#3660,#3661,#3662,#3663,#3664,#3665),.UNSPECIFIED.,.F.,.F.,
(4,2,2,2,2,2,4),(-1.24298191758965,-1.21182320421086,-1.01342340964492,
-0.815023615078977,-0.616623820513034,-0.418224025947091,-0.38706531256966),
 .UNSPECIFIED.);
#41=CYLINDRICAL_SURFACE('',#2148,2.7);
#42=CYLINDRICAL_SURFACE('',#2160,2.15);
#43=CYLINDRICAL_SURFACE('',#2164,2.15);
#44=CYLINDRICAL_SURFACE('',#2168,1.2);
#45=CYLINDRICAL_SURFACE('',#2169,1.2);
#46=CYLINDRICAL_SURFACE('',#2172,3.87);
#47=CYLINDRICAL_SURFACE('',#2179,3.87);
#48=CYLINDRICAL_SURFACE('',#2183,4.87);
#49=CYLINDRICAL_SURFACE('',#2189,6.9);
#50=CYLINDRICAL_SURFACE('',#2193,4.87);
#51=CYLINDRICAL_SURFACE('',#2198,6.9);
#52=CYLINDRICAL_SURFACE('',#2202,5.62);
#53=CYLINDRICAL_SURFACE('',#2205,5.62);
#54=CYLINDRICAL_SURFACE('',#2254,1.2);
#55=CYLINDRICAL_SURFACE('',#2255,1.2);
#56=CYLINDRICAL_SURFACE('',#2256,8.075);
#57=CYLINDRICAL_SURFACE('',#2263,5.9);
#58=CYLINDRICAL_SURFACE('',#2285,7.79011831451152);
#59=CYLINDRICAL_SURFACE('',#2309,5.62);
#60=CYLINDRICAL_SURFACE('',#2312,5.62);
#61=CYLINDRICAL_SURFACE('',#2317,6.9);
#62=CYLINDRICAL_SURFACE('',#2320,4.87);
#63=CYLINDRICAL_SURFACE('',#2322,6.9);
#64=CYLINDRICAL_SURFACE('',#2326,4.87);
#65=CYLINDRICAL_SURFACE('',#2329,3.87);
#66=CYLINDRICAL_SURFACE('',#2333,3.87);
#67=FACE_BOUND('',#680,.T.);
#68=FACE_BOUND('',#681,.T.);
#69=FACE_BOUND('',#684,.T.);
#70=FACE_BOUND('',#685,.T.);
#71=FACE_BOUND('',#738,.T.);
#72=FACE_BOUND('',#745,.T.);
#73=FACE_BOUND('',#751,.T.);
#74=FACE_BOUND('',#752,.T.);
#75=FACE_BOUND('',#753,.T.);
#76=FACE_BOUND('',#754,.T.);
#77=FACE_BOUND('',#760,.T.);
#78=FACE_BOUND('',#762,.T.);
#79=LINE('',#2951,#280);
#80=LINE('',#2954,#281);
#81=LINE('',#2957,#282);
#82=LINE('',#2959,#283);
#83=LINE('',#2960,#284);
#84=LINE('',#2967,#285);
#85=LINE('',#2971,#286);
#86=LINE('',#2975,#287);
#87=LINE('',#2979,#288);
#88=LINE('',#2980,#289);
#89=LINE('',#2992,#290);
#90=LINE('',#2994,#291);
#91=LINE('',#2996,#292);
#92=LINE('',#2997,#293);
#93=LINE('',#3001,#294);
#94=LINE('',#3003,#295);
#95=LINE('',#3005,#296);
#96=LINE('',#3006,#297);
#97=LINE('',#3025,#298);
#98=LINE('',#3077,#299);
#99=LINE('',#3113,#300);
#100=LINE('',#3117,#301);
#101=LINE('',#3118,#302);
#102=LINE('',#3120,#303);
#103=LINE('',#3122,#304);
#104=LINE('',#3126,#305);
#105=LINE('',#3128,#306);
#106=LINE('',#3130,#307);
#107=LINE('',#3131,#308);
#108=LINE('',#3134,#309);
#109=LINE('',#3136,#310);
#110=LINE('',#3138,#311);
#111=LINE('',#3139,#312);
#112=LINE('',#3145,#313);
#113=LINE('',#3148,#314);
#114=LINE('',#3151,#315);
#115=LINE('',#3153,#316);
#116=LINE('',#3154,#317);
#117=LINE('',#3157,#318);
#118=LINE('',#3159,#319);
#119=LINE('',#3160,#320);
#120=LINE('',#3164,#321);
#121=LINE('',#3166,#322);
#122=LINE('',#3168,#323);
#123=LINE('',#3169,#324);
#124=LINE('',#3173,#325);
#125=LINE('',#3175,#326);
#126=LINE('',#3177,#327);
#127=LINE('',#3178,#328);
#128=LINE('',#3183,#329);
#129=LINE('',#3187,#330);
#130=LINE('',#3189,#331);
#131=LINE('',#3190,#332);
#132=LINE('',#3196,#333);
#133=LINE('',#3199,#334);
#134=LINE('',#3200,#335);
#135=LINE('',#3201,#336);
#136=LINE('',#3204,#337);
#137=LINE('',#3206,#338);
#138=LINE('',#3207,#339);
#139=LINE('',#3210,#340);
#140=LINE('',#3212,#341);
#141=LINE('',#3213,#342);
#142=LINE('',#3220,#343);
#143=LINE('',#3222,#344);
#144=LINE('',#3224,#345);
#145=LINE('',#3226,#346);
#146=LINE('',#3227,#347);
#147=LINE('',#3233,#348);
#148=LINE('',#3236,#349);
#149=LINE('',#3237,#350);
#150=LINE('',#3238,#351);
#151=LINE('',#3241,#352);
#152=LINE('',#3243,#353);
#153=LINE('',#3244,#354);
#154=LINE('',#3250,#355);
#155=LINE('',#3252,#356);
#156=LINE('',#3253,#357);
#157=LINE('',#3272,#358);
#158=LINE('',#3275,#359);
#159=LINE('',#3286,#360);
#160=LINE('',#3287,#361);
#161=LINE('',#3306,#362);
#162=LINE('',#3311,#363);
#163=LINE('',#3312,#364);
#164=LINE('',#3313,#365);
#165=LINE('',#3317,#366);
#166=LINE('',#3318,#367);
#167=LINE('',#3320,#368);
#168=LINE('',#3323,#369);
#169=LINE('',#3329,#370);
#170=LINE('',#3332,#371);
#171=LINE('',#3339,#372);
#172=LINE('',#3340,#373);
#173=LINE('',#3343,#374);
#174=LINE('',#3347,#375);
#175=LINE('',#3353,#376);
#176=LINE('',#3355,#377);
#177=LINE('',#3358,#378);
#178=LINE('',#3360,#379);
#179=LINE('',#3362,#380);
#180=LINE('',#3369,#381);
#181=LINE('',#3371,#382);
#182=LINE('',#3373,#383);
#183=LINE('',#3374,#384);
#184=LINE('',#3379,#385);
#185=LINE('',#3380,#386);
#186=LINE('',#3384,#387);
#187=LINE('',#3387,#388);
#188=LINE('',#3389,#389);
#189=LINE('',#3390,#390);
#190=LINE('',#3396,#391);
#191=LINE('',#3402,#392);
#192=LINE('',#3404,#393);
#193=LINE('',#3406,#394);
#194=LINE('',#3407,#395);
#195=LINE('',#3412,#396);
#196=LINE('',#3413,#397);
#197=LINE('',#3417,#398);
#198=LINE('',#3420,#399);
#199=LINE('',#3422,#400);
#200=LINE('',#3423,#401);
#201=LINE('',#3429,#402);
#202=LINE('',#3433,#403);
#203=LINE('',#3435,#404);
#204=LINE('',#3450,#405);
#205=LINE('',#3452,#406);
#206=LINE('',#3464,#407);
#207=LINE('',#3472,#408);
#208=LINE('',#3475,#409);
#209=LINE('',#3479,#410);
#210=LINE('',#3487,#411);
#211=LINE('',#3498,#412);
#212=LINE('',#3502,#413);
#213=LINE('',#3505,#414);
#214=LINE('',#3507,#415);
#215=LINE('',#3511,#416);
#216=LINE('',#3512,#417);
#217=LINE('',#3514,#418);
#218=LINE('',#3516,#419);
#219=LINE('',#3520,#420);
#220=LINE('',#3521,#421);
#221=LINE('',#3528,#422);
#222=LINE('',#3532,#423);
#223=LINE('',#3534,#424);
#224=LINE('',#3537,#425);
#225=LINE('',#3541,#426);
#226=LINE('',#3543,#427);
#227=LINE('',#3547,#428);
#228=LINE('',#3549,#429);
#229=LINE('',#3553,#430);
#230=LINE('',#3555,#431);
#231=LINE('',#3557,#432);
#232=LINE('',#3559,#433);
#233=LINE('',#3560,#434);
#234=LINE('',#3563,#435);
#235=LINE('',#3567,#436);
#236=LINE('',#3569,#437);
#237=LINE('',#3571,#438);
#238=LINE('',#3574,#439);
#239=LINE('',#3578,#440);
#240=LINE('',#3582,#441);
#241=LINE('',#3583,#442);
#242=LINE('',#3585,#443);
#243=LINE('',#3587,#444);
#244=LINE('',#3588,#445);
#245=LINE('',#3591,#446);
#246=LINE('',#3595,#447);
#247=LINE('',#3599,#448);
#248=LINE('',#3601,#449);
#249=LINE('',#3603,#450);
#250=LINE('',#3606,#451);
#251=LINE('',#3609,#452);
#252=LINE('',#3610,#453);
#253=LINE('',#3611,#454);
#254=LINE('',#3614,#455);
#255=LINE('',#3615,#456);
#256=LINE('',#3616,#457);
#257=LINE('',#3618,#458);
#258=LINE('',#3636,#459);
#259=LINE('',#3637,#460);
#260=LINE('',#3646,#461);
#261=LINE('',#3677,#462);
#262=LINE('',#3678,#463);
#263=LINE('',#3680,#464);
#264=LINE('',#3682,#465);
#265=LINE('',#3684,#466);
#266=LINE('',#3685,#467);
#267=LINE('',#3687,#468);
#268=LINE('',#3689,#469);
#269=LINE('',#3691,#470);
#270=LINE('',#3692,#471);
#271=LINE('',#3694,#472);
#272=LINE('',#3696,#473);
#273=LINE('',#3698,#474);
#274=LINE('',#3700,#475);
#275=LINE('',#3702,#476);
#276=LINE('',#3704,#477);
#277=LINE('',#3707,#478);
#278=LINE('',#3710,#479);
#279=LINE('',#3712,#480);
#280=VECTOR('',#2347,10.);
#281=VECTOR('',#2350,10.);
#282=VECTOR('',#2353,10.);
#283=VECTOR('',#2354,10.);
#284=VECTOR('',#2355,10.);
#285=VECTOR('',#2362,10.);
#286=VECTOR('',#2365,10.);
#287=VECTOR('',#2368,10.);
#288=VECTOR('',#2373,10.);
#289=VECTOR('',#2374,10.);
#290=VECTOR('',#2381,10.);
#291=VECTOR('',#2382,10.);
#292=VECTOR('',#2383,10.);
#293=VECTOR('',#2384,10.);
#294=VECTOR('',#2387,10.);
#295=VECTOR('',#2388,10.);
#296=VECTOR('',#2389,10.);
#297=VECTOR('',#2390,10.);
#298=VECTOR('',#2395,1.675);
#299=VECTOR('',#2404,1.675);
#300=VECTOR('',#2411,10.);
#301=VECTOR('',#2416,10.);
#302=VECTOR('',#2417,10.);
#303=VECTOR('',#2420,1.2);
#304=VECTOR('',#2423,1.2);
#305=VECTOR('',#2426,10.);
#306=VECTOR('',#2427,10.);
#307=VECTOR('',#2428,10.);
#308=VECTOR('',#2429,10.);
#309=VECTOR('',#2432,10.);
#310=VECTOR('',#2433,10.);
#311=VECTOR('',#2434,10.);
#312=VECTOR('',#2435,10.);
#313=VECTOR('',#2440,10.);
#314=VECTOR('',#2443,10.);
#315=VECTOR('',#2446,10.);
#316=VECTOR('',#2447,10.);
#317=VECTOR('',#2448,10.);
#318=VECTOR('',#2451,10.);
#319=VECTOR('',#2452,10.);
#320=VECTOR('',#2453,10.);
#321=VECTOR('',#2456,10.);
#322=VECTOR('',#2457,10.);
#323=VECTOR('',#2458,10.);
#324=VECTOR('',#2459,10.);
#325=VECTOR('',#2462,10.);
#326=VECTOR('',#2463,10.);
#327=VECTOR('',#2464,10.);
#328=VECTOR('',#2465,10.);
#329=VECTOR('',#2470,10.);
#330=VECTOR('',#2475,10.);
#331=VECTOR('',#2476,10.);
#332=VECTOR('',#2477,10.);
#333=VECTOR('',#2484,10.);
#334=VECTOR('',#2487,10.);
#335=VECTOR('',#2488,10.);
#336=VECTOR('',#2489,10.);
#337=VECTOR('',#2492,10.);
#338=VECTOR('',#2493,10.);
#339=VECTOR('',#2494,10.);
#340=VECTOR('',#2497,10.);
#341=VECTOR('',#2498,10.);
#342=VECTOR('',#2499,10.);
#343=VECTOR('',#2508,10.);
#344=VECTOR('',#2509,10.);
#345=VECTOR('',#2510,10.);
#346=VECTOR('',#2511,10.);
#347=VECTOR('',#2512,10.);
#348=VECTOR('',#2519,10.);
#349=VECTOR('',#2522,10.);
#350=VECTOR('',#2523,10.);
#351=VECTOR('',#2524,10.);
#352=VECTOR('',#2527,10.);
#353=VECTOR('',#2528,10.);
#354=VECTOR('',#2529,10.);
#355=VECTOR('',#2536,10.);
#356=VECTOR('',#2539,10.);
#357=VECTOR('',#2540,10.);
#358=VECTOR('',#2543,10.);
#359=VECTOR('',#2546,10.);
#360=VECTOR('',#2549,10.);
#361=VECTOR('',#2550,10.);
#362=VECTOR('',#2555,10.);
#363=VECTOR('',#2560,10.);
#364=VECTOR('',#2561,10.);
#365=VECTOR('',#2562,10.);
#366=VECTOR('',#2567,10.);
#367=VECTOR('',#2568,10.);
#368=VECTOR('',#2571,10.);
#369=VECTOR('',#2574,10.);
#370=VECTOR('',#2583,10.);
#371=VECTOR('',#2588,10.);
#372=VECTOR('',#2599,10.);
#373=VECTOR('',#2600,10.);
#374=VECTOR('',#2603,10.);
#375=VECTOR('',#2606,10.);
#376=VECTOR('',#2615,10.);
#377=VECTOR('',#2618,10.);
#378=VECTOR('',#2621,10.);
#379=VECTOR('',#2622,10.);
#380=VECTOR('',#2623,10.);
#381=VECTOR('',#2626,10.);
#382=VECTOR('',#2627,10.);
#383=VECTOR('',#2628,10.);
#384=VECTOR('',#2629,10.);
#385=VECTOR('',#2634,10.);
#386=VECTOR('',#2635,10.);
#387=VECTOR('',#2640,10.);
#388=VECTOR('',#2643,10.);
#389=VECTOR('',#2644,10.);
#390=VECTOR('',#2645,10.);
#391=VECTOR('',#2652,10.);
#392=VECTOR('',#2659,10.);
#393=VECTOR('',#2660,10.);
#394=VECTOR('',#2661,10.);
#395=VECTOR('',#2662,10.);
#396=VECTOR('',#2667,10.);
#397=VECTOR('',#2668,10.);
#398=VECTOR('',#2673,10.);
#399=VECTOR('',#2676,10.);
#400=VECTOR('',#2677,10.);
#401=VECTOR('',#2678,10.);
#402=VECTOR('',#2685,10.);
#403=VECTOR('',#2692,1.2);
#404=VECTOR('',#2695,1.2);
#405=VECTOR('',#2706,10.);
#406=VECTOR('',#2707,10.);
#407=VECTOR('',#2718,10.);
#408=VECTOR('',#2725,10.);
#409=VECTOR('',#2728,5.9);
#410=VECTOR('',#2731,10.);
#411=VECTOR('',#2738,10.);
#412=VECTOR('',#2753,10.);
#413=VECTOR('',#2756,10.);
#414=VECTOR('',#2759,10.);
#415=VECTOR('',#2760,10.);
#416=VECTOR('',#2763,10.);
#417=VECTOR('',#2764,10.);
#418=VECTOR('',#2765,10.);
#419=VECTOR('',#2766,10.);
#420=VECTOR('',#2769,10.);
#421=VECTOR('',#2770,10.);
#422=VECTOR('',#2779,10.);
#423=VECTOR('',#2782,10.);
#424=VECTOR('',#2783,10.);
#425=VECTOR('',#2786,10.);
#426=VECTOR('',#2789,10.);
#427=VECTOR('',#2790,10.);
#428=VECTOR('',#2793,10.);
#429=VECTOR('',#2794,10.);
#430=VECTOR('',#2799,10.);
#431=VECTOR('',#2800,10.);
#432=VECTOR('',#2801,10.);
#433=VECTOR('',#2802,10.);
#434=VECTOR('',#2803,10.);
#435=VECTOR('',#2806,10.);
#436=VECTOR('',#2809,10.);
#437=VECTOR('',#2810,10.);
#438=VECTOR('',#2811,10.);
#439=VECTOR('',#2814,10.);
#440=VECTOR('',#2819,10.);
#441=VECTOR('',#2822,10.);
#442=VECTOR('',#2823,10.);
#443=VECTOR('',#2824,10.);
#444=VECTOR('',#2825,10.);
#445=VECTOR('',#2826,10.);
#446=VECTOR('',#2829,10.);
#447=VECTOR('',#2834,10.);
#448=VECTOR('',#2837,10.);
#449=VECTOR('',#2838,10.);
#450=VECTOR('',#2839,10.);
#451=VECTOR('',#2842,10.);
#452=VECTOR('',#2845,10.);
#453=VECTOR('',#2846,10.);
#454=VECTOR('',#2847,10.);
#455=VECTOR('',#2850,10.);
#456=VECTOR('',#2851,10.);
#457=VECTOR('',#2852,10.);
#458=VECTOR('',#2855,10.);
#459=VECTOR('',#2858,10.);
#460=VECTOR('',#2859,10.);
#461=VECTOR('',#2862,10.);
#462=VECTOR('',#2875,10.);
#463=VECTOR('',#2876,10.);
#464=VECTOR('',#2879,10.);
#465=VECTOR('',#2882,10.);
#466=VECTOR('',#2885,10.);
#467=VECTOR('',#2886,10.);
#468=VECTOR('',#2889,10.);
#469=VECTOR('',#2892,10.);
#470=VECTOR('',#2895,10.);
#471=VECTOR('',#2896,10.);
#472=VECTOR('',#2899,10.);
#473=VECTOR('',#2902,10.);
#474=VECTOR('',#2905,10.);
#475=VECTOR('',#2908,10.);
#476=VECTOR('',#2911,10.);
#477=VECTOR('',#2914,10.);
#478=VECTOR('',#2919,10.);
#479=VECTOR('',#2924,10.);
#480=VECTOR('',#2927,10.);
#481=PLANE('',#2143);
#482=PLANE('',#2145);
#483=PLANE('',#2152);
#484=PLANE('',#2155);
#485=PLANE('',#2156);
#486=PLANE('',#2165);
#487=PLANE('',#2167);
#488=PLANE('',#2170);
#489=PLANE('',#2171);
#490=PLANE('',#2175);
#491=PLANE('',#2176);
#492=PLANE('',#2177);
#493=PLANE('',#2178);
#494=PLANE('',#2182);
#495=PLANE('',#2186);
#496=PLANE('',#2187);
#497=PLANE('',#2188);
#498=PLANE('',#2192);
#499=PLANE('',#2196);
#500=PLANE('',#2197);
#501=PLANE('',#2201);
#502=PLANE('',#2204);
#503=PLANE('',#2207);
#504=PLANE('',#2209);
#505=PLANE('',#2211);
#506=PLANE('',#2212);
#507=PLANE('',#2214);
#508=PLANE('',#2216);
#509=PLANE('',#2218);
#510=PLANE('',#2219);
#511=PLANE('',#2221);
#512=PLANE('',#2222);
#513=PLANE('',#2223);
#514=PLANE('',#2224);
#515=PLANE('',#2228);
#516=PLANE('',#2230);
#517=PLANE('',#2231);
#518=PLANE('',#2232);
#519=PLANE('',#2233);
#520=PLANE('',#2235);
#521=PLANE('',#2237);
#522=PLANE('',#2239);
#523=PLANE('',#2241);
#524=PLANE('',#2243);
#525=PLANE('',#2244);
#526=PLANE('',#2246);
#527=PLANE('',#2248);
#528=PLANE('',#2250);
#529=PLANE('',#2252);
#530=PLANE('',#2260);
#531=PLANE('',#2261);
#532=PLANE('',#2275);
#533=PLANE('',#2280);
#534=PLANE('',#2288);
#535=PLANE('',#2291);
#536=PLANE('',#2294);
#537=PLANE('',#2295);
#538=PLANE('',#2298);
#539=PLANE('',#2300);
#540=PLANE('',#2301);
#541=PLANE('',#2303);
#542=PLANE('',#2306);
#543=PLANE('',#2307);
#544=PLANE('',#2308);
#545=PLANE('',#2310);
#546=PLANE('',#2314);
#547=PLANE('',#2316);
#548=PLANE('',#2318);
#549=PLANE('',#2319);
#550=PLANE('',#2321);
#551=PLANE('',#2323);
#552=PLANE('',#2324);
#553=PLANE('',#2325);
#554=PLANE('',#2327);
#555=PLANE('',#2328);
#556=PLANE('',#2330);
#557=PLANE('',#2331);
#558=PLANE('',#2332);
#559=PLANE('',#2334);
#560=PLANE('',#2335);
#561=PLANE('',#2336);
#562=FACE_OUTER_BOUND('',#677,.T.);
#563=FACE_OUTER_BOUND('',#678,.T.);
#564=FACE_OUTER_BOUND('',#679,.T.);
#565=FACE_OUTER_BOUND('',#682,.T.);
#566=FACE_OUTER_BOUND('',#683,.T.);
#567=FACE_OUTER_BOUND('',#686,.T.);
#568=FACE_OUTER_BOUND('',#687,.T.);
#569=FACE_OUTER_BOUND('',#688,.T.);
#570=FACE_OUTER_BOUND('',#689,.T.);
#571=FACE_OUTER_BOUND('',#690,.T.);
#572=FACE_OUTER_BOUND('',#691,.T.);
#573=FACE_OUTER_BOUND('',#692,.T.);
#574=FACE_OUTER_BOUND('',#693,.T.);
#575=FACE_OUTER_BOUND('',#694,.T.);
#576=FACE_OUTER_BOUND('',#695,.T.);
#577=FACE_OUTER_BOUND('',#696,.T.);
#578=FACE_OUTER_BOUND('',#697,.T.);
#579=FACE_OUTER_BOUND('',#698,.T.);
#580=FACE_OUTER_BOUND('',#699,.T.);
#581=FACE_OUTER_BOUND('',#700,.T.);
#582=FACE_OUTER_BOUND('',#701,.T.);
#583=FACE_OUTER_BOUND('',#702,.T.);
#584=FACE_OUTER_BOUND('',#703,.T.);
#585=FACE_OUTER_BOUND('',#704,.T.);
#586=FACE_OUTER_BOUND('',#705,.T.);
#587=FACE_OUTER_BOUND('',#706,.T.);
#588=FACE_OUTER_BOUND('',#707,.T.);
#589=FACE_OUTER_BOUND('',#708,.T.);
#590=FACE_OUTER_BOUND('',#709,.T.);
#591=FACE_OUTER_BOUND('',#710,.T.);
#592=FACE_OUTER_BOUND('',#711,.T.);
#593=FACE_OUTER_BOUND('',#712,.T.);
#594=FACE_OUTER_BOUND('',#713,.T.);
#595=FACE_OUTER_BOUND('',#714,.T.);
#596=FACE_OUTER_BOUND('',#715,.T.);
#597=FACE_OUTER_BOUND('',#716,.T.);
#598=FACE_OUTER_BOUND('',#717,.T.);
#599=FACE_OUTER_BOUND('',#718,.T.);
#600=FACE_OUTER_BOUND('',#719,.T.);
#601=FACE_OUTER_BOUND('',#720,.T.);
#602=FACE_OUTER_BOUND('',#721,.T.);
#603=FACE_OUTER_BOUND('',#722,.T.);
#604=FACE_OUTER_BOUND('',#723,.T.);
#605=FACE_OUTER_BOUND('',#724,.T.);
#606=FACE_OUTER_BOUND('',#725,.T.);
#607=FACE_OUTER_BOUND('',#726,.T.);
#608=FACE_OUTER_BOUND('',#727,.T.);
#609=FACE_OUTER_BOUND('',#728,.T.);
#610=FACE_OUTER_BOUND('',#729,.T.);
#611=FACE_OUTER_BOUND('',#730,.T.);
#612=FACE_OUTER_BOUND('',#731,.T.);
#613=FACE_OUTER_BOUND('',#732,.T.);
#614=FACE_OUTER_BOUND('',#733,.T.);
#615=FACE_OUTER_BOUND('',#734,.T.);
#616=FACE_OUTER_BOUND('',#735,.T.);
#617=FACE_OUTER_BOUND('',#736,.T.);
#618=FACE_OUTER_BOUND('',#737,.T.);
#619=FACE_OUTER_BOUND('',#739,.T.);
#620=FACE_OUTER_BOUND('',#740,.T.);
#621=FACE_OUTER_BOUND('',#741,.T.);
#622=FACE_OUTER_BOUND('',#742,.T.);
#623=FACE_OUTER_BOUND('',#743,.T.);
#624=FACE_OUTER_BOUND('',#744,.T.);
#625=FACE_OUTER_BOUND('',#746,.T.);
#626=FACE_OUTER_BOUND('',#747,.T.);
#627=FACE_OUTER_BOUND('',#748,.T.);
#628=FACE_OUTER_BOUND('',#749,.T.);
#629=FACE_OUTER_BOUND('',#750,.T.);
#630=FACE_OUTER_BOUND('',#755,.T.);
#631=FACE_OUTER_BOUND('',#756,.T.);
#632=FACE_OUTER_BOUND('',#757,.T.);
#633=FACE_OUTER_BOUND('',#758,.T.);
#634=FACE_OUTER_BOUND('',#759,.T.);
#635=FACE_OUTER_BOUND('',#761,.T.);
#636=FACE_OUTER_BOUND('',#763,.T.);
#637=FACE_OUTER_BOUND('',#764,.T.);
#638=FACE_OUTER_BOUND('',#765,.T.);
#639=FACE_OUTER_BOUND('',#766,.T.);
#640=FACE_OUTER_BOUND('',#767,.T.);
#641=FACE_OUTER_BOUND('',#768,.T.);
#642=FACE_OUTER_BOUND('',#769,.T.);
#643=FACE_OUTER_BOUND('',#770,.T.);
#644=FACE_OUTER_BOUND('',#771,.T.);
#645=FACE_OUTER_BOUND('',#772,.T.);
#646=FACE_OUTER_BOUND('',#773,.T.);
#647=FACE_OUTER_BOUND('',#774,.T.);
#648=FACE_OUTER_BOUND('',#775,.T.);
#649=FACE_OUTER_BOUND('',#776,.T.);
#650=FACE_OUTER_BOUND('',#777,.T.);
#651=FACE_OUTER_BOUND('',#778,.T.);
#652=FACE_OUTER_BOUND('',#779,.T.);
#653=FACE_OUTER_BOUND('',#780,.T.);
#654=FACE_OUTER_BOUND('',#781,.T.);
#655=FACE_OUTER_BOUND('',#782,.T.);
#656=FACE_OUTER_BOUND('',#783,.T.);
#657=FACE_OUTER_BOUND('',#784,.T.);
#658=FACE_OUTER_BOUND('',#785,.T.);
#659=FACE_OUTER_BOUND('',#786,.T.);
#660=FACE_OUTER_BOUND('',#787,.T.);
#661=FACE_OUTER_BOUND('',#788,.T.);
#662=FACE_OUTER_BOUND('',#789,.T.);
#663=FACE_OUTER_BOUND('',#790,.T.);
#664=FACE_OUTER_BOUND('',#791,.T.);
#665=FACE_OUTER_BOUND('',#792,.T.);
#666=FACE_OUTER_BOUND('',#793,.T.);
#667=FACE_OUTER_BOUND('',#794,.T.);
#668=FACE_OUTER_BOUND('',#795,.T.);
#669=FACE_OUTER_BOUND('',#796,.T.);
#670=FACE_OUTER_BOUND('',#797,.T.);
#671=FACE_OUTER_BOUND('',#798,.T.);
#672=FACE_OUTER_BOUND('',#799,.T.);
#673=FACE_OUTER_BOUND('',#800,.T.);
#674=FACE_OUTER_BOUND('',#801,.T.);
#675=FACE_OUTER_BOUND('',#802,.T.);
#676=FACE_OUTER_BOUND('',#803,.T.);
#677=EDGE_LOOP('',(#1389,#1390,#1391,#1392));
#678=EDGE_LOOP('',(#1393,#1394,#1395,#1396));
#679=EDGE_LOOP('',(#1397,#1398,#1399,#1400,#1401));
#680=EDGE_LOOP('',(#1402));
#681=EDGE_LOOP('',(#1403));
#682=EDGE_LOOP('',(#1404,#1405,#1406,#1407,#1408,#1409,#1410,#1411));
#683=EDGE_LOOP('',(#1412,#1413,#1414,#1415,#1416));
#684=EDGE_LOOP('',(#1417));
#685=EDGE_LOOP('',(#1418));
#686=EDGE_LOOP('',(#1419,#1420,#1421,#1422,#1423));
#687=EDGE_LOOP('',(#1424,#1425,#1426,#1427));
#688=EDGE_LOOP('',(#1428,#1429,#1430,#1431,#1432,#1433));
#689=EDGE_LOOP('',(#1434,#1435));
#690=EDGE_LOOP('',(#1436,#1437,#1438,#1439,#1440,#1441));
#691=EDGE_LOOP('',(#1442,#1443));
#692=EDGE_LOOP('',(#1444,#1445,#1446,#1447));
#693=EDGE_LOOP('',(#1448,#1449,#1450,#1451));
#694=EDGE_LOOP('',(#1452,#1453,#1454,#1455));
#695=EDGE_LOOP('',(#1456,#1457,#1458,#1459));
#696=EDGE_LOOP('',(#1460,#1461,#1462,#1463));
#697=EDGE_LOOP('',(#1464,#1465,#1466,#1467,#1468));
#698=EDGE_LOOP('',(#1469,#1470,#1471,#1472));
#699=EDGE_LOOP('',(#1473,#1474,#1475,#1476));
#700=EDGE_LOOP('',(#1477,#1478,#1479,#1480));
#701=EDGE_LOOP('',(#1481,#1482,#1483,#1484));
#702=EDGE_LOOP('',(#1485,#1486,#1487,#1488));
#703=EDGE_LOOP('',(#1489,#1490,#1491,#1492));
#704=EDGE_LOOP('',(#1493,#1494,#1495,#1496));
#705=EDGE_LOOP('',(#1497,#1498,#1499,#1500));
#706=EDGE_LOOP('',(#1501,#1502,#1503,#1504,#1505));
#707=EDGE_LOOP('',(#1506,#1507,#1508,#1509));
#708=EDGE_LOOP('',(#1510,#1511,#1512,#1513));
#709=EDGE_LOOP('',(#1514,#1515,#1516,#1517));
#710=EDGE_LOOP('',(#1518,#1519,#1520,#1521,#1522));
#711=EDGE_LOOP('',(#1523,#1524,#1525,#1526));
#712=EDGE_LOOP('',(#1527,#1528,#1529,#1530,#1531));
#713=EDGE_LOOP('',(#1532,#1533,#1534,#1535));
#714=EDGE_LOOP('',(#1536,#1537,#1538,#1539));
#715=EDGE_LOOP('',(#1540,#1541,#1542,#1543));
#716=EDGE_LOOP('',(#1544,#1545,#1546,#1547));
#717=EDGE_LOOP('',(#1548,#1549,#1550,#1551,#1552));
#718=EDGE_LOOP('',(#1553,#1554,#1555,#1556));
#719=EDGE_LOOP('',(#1557,#1558,#1559,#1560,#1561,#1562));
#720=EDGE_LOOP('',(#1563,#1564,#1565,#1566,#1567,#1568));
#721=EDGE_LOOP('',(#1569,#1570,#1571,#1572,#1573,#1574,#1575,#1576));
#722=EDGE_LOOP('',(#1577,#1578,#1579,#1580));
#723=EDGE_LOOP('',(#1581,#1582,#1583,#1584,#1585,#1586));
#724=EDGE_LOOP('',(#1587,#1588,#1589,#1590));
#725=EDGE_LOOP('',(#1591,#1592,#1593,#1594,#1595,#1596,#1597,#1598));
#726=EDGE_LOOP('',(#1599,#1600,#1601,#1602,#1603,#1604));
#727=EDGE_LOOP('',(#1605,#1606,#1607,#1608,#1609,#1610));
#728=EDGE_LOOP('',(#1611,#1612,#1613,#1614,#1615,#1616));
#729=EDGE_LOOP('',(#1617,#1618,#1619,#1620));
#730=EDGE_LOOP('',(#1621,#1622,#1623,#1624,#1625,#1626,#1627,#1628));
#731=EDGE_LOOP('',(#1629,#1630,#1631,#1632));
#732=EDGE_LOOP('',(#1633,#1634,#1635,#1636));
#733=EDGE_LOOP('',(#1637,#1638,#1639,#1640,#1641));
#734=EDGE_LOOP('',(#1642,#1643,#1644,#1645));
#735=EDGE_LOOP('',(#1646,#1647,#1648,#1649));
#736=EDGE_LOOP('',(#1650,#1651,#1652));
#737=EDGE_LOOP('',(#1653,#1654,#1655,#1656,#1657,#1658));
#738=EDGE_LOOP('',(#1659));
#739=EDGE_LOOP('',(#1660,#1661,#1662));
#740=EDGE_LOOP('',(#1663,#1664,#1665,#1666));
#741=EDGE_LOOP('',(#1667,#1668,#1669,#1670));
#742=EDGE_LOOP('',(#1671,#1672,#1673,#1674));
#743=EDGE_LOOP('',(#1675,#1676,#1677));
#744=EDGE_LOOP('',(#1678,#1679,#1680,#1681,#1682,#1683));
#745=EDGE_LOOP('',(#1684));
#746=EDGE_LOOP('',(#1685,#1686,#1687));
#747=EDGE_LOOP('',(#1688,#1689,#1690,#1691));
#748=EDGE_LOOP('',(#1692,#1693,#1694,#1695));
#749=EDGE_LOOP('',(#1696,#1697,#1698,#1699));
#750=EDGE_LOOP('',(#1700,#1701,#1702,#1703,#1704,#1705,#1706,#1707,#1708,
#1709,#1710,#1711));
#751=EDGE_LOOP('',(#1712,#1713,#1714));
#752=EDGE_LOOP('',(#1715,#1716,#1717));
#753=EDGE_LOOP('',(#1718,#1719,#1720,#1721,#1722,#1723));
#754=EDGE_LOOP('',(#1724,#1725,#1726,#1727,#1728,#1729));
#755=EDGE_LOOP('',(#1730,#1731,#1732,#1733,#1734));
#756=EDGE_LOOP('',(#1735,#1736,#1737,#1738,#1739,#1740));
#757=EDGE_LOOP('',(#1741));
#758=EDGE_LOOP('',(#1742,#1743,#1744,#1745,#1746,#1747,#1748,#1749,#1750,
#1751,#1752,#1753,#1754,#1755,#1756,#1757,#1758,#1759,#1760,#1761,#1762,
#1763,#1764,#1765,#1766,#1767,#1768,#1769));
#759=EDGE_LOOP('',(#1770,#1771,#1772,#1773));
#760=EDGE_LOOP('',(#1774,#1775,#1776,#1777));
#761=EDGE_LOOP('',(#1778,#1779,#1780,#1781,#1782,#1783,#1784,#1785));
#762=EDGE_LOOP('',(#1786,#1787,#1788,#1789,#1790,#1791,#1792,#1793,#1794,
#1795,#1796,#1797,#1798,#1799,#1800,#1801,#1802,#1803,#1804,#1805,#1806,
#1807,#1808,#1809,#1810));
#763=EDGE_LOOP('',(#1811,#1812,#1813,#1814));
#764=EDGE_LOOP('',(#1815,#1816,#1817,#1818));
#765=EDGE_LOOP('',(#1819,#1820,#1821,#1822,#1823,#1824));
#766=EDGE_LOOP('',(#1825,#1826,#1827,#1828,#1829,#1830));
#767=EDGE_LOOP('',(#1831,#1832,#1833,#1834,#1835,#1836));
#768=EDGE_LOOP('',(#1837,#1838,#1839,#1840,#1841,#1842,#1843,#1844));
#769=EDGE_LOOP('',(#1845,#1846,#1847,#1848));
#770=EDGE_LOOP('',(#1849,#1850,#1851,#1852,#1853,#1854));
#771=EDGE_LOOP('',(#1855,#1856,#1857,#1858));
#772=EDGE_LOOP('',(#1859,#1860,#1861,#1862,#1863,#1864,#1865,#1866));
#773=EDGE_LOOP('',(#1867,#1868,#1869,#1870,#1871,#1872));
#774=EDGE_LOOP('',(#1873,#1874,#1875,#1876,#1877,#1878));
#775=EDGE_LOOP('',(#1879,#1880,#1881,#1882));
#776=EDGE_LOOP('',(#1883,#1884,#1885,#1886));
#777=EDGE_LOOP('',(#1887,#1888,#1889,#1890,#1891));
#778=EDGE_LOOP('',(#1892,#1893,#1894,#1895));
#779=EDGE_LOOP('',(#1896,#1897,#1898,#1899));
#780=EDGE_LOOP('',(#1900,#1901,#1902,#1903));
#781=EDGE_LOOP('',(#1904,#1905,#1906,#1907,#1908,#1909));
#782=EDGE_LOOP('',(#1910,#1911,#1912,#1913,#1914));
#783=EDGE_LOOP('',(#1915,#1916,#1917,#1918));
#784=EDGE_LOOP('',(#1919,#1920,#1921,#1922));
#785=EDGE_LOOP('',(#1923,#1924,#1925,#1926));
#786=EDGE_LOOP('',(#1927,#1928,#1929,#1930,#1931));
#787=EDGE_LOOP('',(#1932,#1933,#1934,#1935));
#788=EDGE_LOOP('',(#1936,#1937,#1938,#1939,#1940));
#789=EDGE_LOOP('',(#1941,#1942,#1943,#1944));
#790=EDGE_LOOP('',(#1945,#1946,#1947,#1948));
#791=EDGE_LOOP('',(#1949,#1950,#1951,#1952));
#792=EDGE_LOOP('',(#1953,#1954,#1955,#1956,#1957));
#793=EDGE_LOOP('',(#1958,#1959,#1960,#1961));
#794=EDGE_LOOP('',(#1962,#1963,#1964,#1965));
#795=EDGE_LOOP('',(#1966,#1967,#1968,#1969));
#796=EDGE_LOOP('',(#1970,#1971,#1972,#1973));
#797=EDGE_LOOP('',(#1974,#1975,#1976,#1977,#1978));
#798=EDGE_LOOP('',(#1979,#1980,#1981,#1982));
#799=EDGE_LOOP('',(#1983,#1984,#1985,#1986));
#800=EDGE_LOOP('',(#1987,#1988,#1989,#1990));
#801=EDGE_LOOP('',(#1991,#1992,#1993,#1994));
#802=EDGE_LOOP('',(#1995,#1996,#1997,#1998));
#803=EDGE_LOOP('',(#1999,#2000,#2001,#2002));
#804=CIRCLE('',#2141,4.40710678118655);
#805=CIRCLE('',#2142,2.7);
#806=CIRCLE('',#2144,8.075);
#807=CIRCLE('',#2146,1.2);
#808=CIRCLE('',#2147,1.2);
#809=CIRCLE('',#2149,2.7);
#810=CIRCLE('',#2150,2.7);
#811=CIRCLE('',#2151,2.7);
#812=CIRCLE('',#2153,1.2);
#813=CIRCLE('',#2154,1.2);
#814=CIRCLE('',#2158,2.15);
#815=CIRCLE('',#2159,1.2);
#816=CIRCLE('',#2162,2.15);
#817=CIRCLE('',#2163,1.2);
#818=CIRCLE('',#2166,8.075);
#819=CIRCLE('',#2173,3.87);
#820=CIRCLE('',#2174,3.87);
#821=CIRCLE('',#2180,3.87);
#822=CIRCLE('',#2181,3.87);
#823=CIRCLE('',#2184,4.87);
#824=CIRCLE('',#2185,4.87);
#825=CIRCLE('',#2190,6.9);
#826=CIRCLE('',#2191,6.9);
#827=CIRCLE('',#2194,4.87);
#828=CIRCLE('',#2195,4.87);
#829=CIRCLE('',#2199,6.9);
#830=CIRCLE('',#2200,6.9);
#831=CIRCLE('',#2203,5.62);
#832=CIRCLE('',#2206,5.62);
#833=CIRCLE('',#2213,5.9);
#834=CIRCLE('',#2217,5.9);
#835=CIRCLE('',#2225,8.075);
#836=CIRCLE('',#2226,6.79011831451152);
#837=CIRCLE('',#2227,8.075);
#838=CIRCLE('',#2229,8.075);
#839=CIRCLE('',#2238,1.2);
#840=CIRCLE('',#2249,1.2);
#841=CIRCLE('',#2257,8.075);
#842=CIRCLE('',#2259,9.17);
#843=CIRCLE('',#2262,5.9);
#844=CIRCLE('',#2264,5.9);
#845=CIRCLE('',#2265,5.9);
#846=CIRCLE('',#2267,5.9);
#847=CIRCLE('',#2269,5.9);
#848=CIRCLE('',#2270,5.9);
#849=CIRCLE('',#2272,5.9);
#850=CIRCLE('',#2274,5.9);
#851=CIRCLE('',#2276,9.17);
#852=CIRCLE('',#2277,9.17);
#853=CIRCLE('',#2278,9.17);
#854=CIRCLE('',#2279,7.79011831451152);
#855=CIRCLE('',#2281,5.62);
#856=CIRCLE('',#2282,5.62);
#857=CIRCLE('',#2283,4.87);
#858=CIRCLE('',#2284,4.87);
#859=CIRCLE('',#2286,7.79011831451152);
#860=CIRCLE('',#2289,3.87);
#861=CIRCLE('',#2290,6.9);
#862=CIRCLE('',#2292,3.87);
#863=CIRCLE('',#2293,6.9);
#864=CIRCLE('',#2296,4.87);
#865=CIRCLE('',#2297,3.87);
#866=CIRCLE('',#2299,6.9);
#867=CIRCLE('',#2302,6.9);
#868=CIRCLE('',#2304,3.87);
#869=CIRCLE('',#2305,4.87);
#870=(
BOUNDED_CURVE()
B_SPLINE_CURVE(2,(#2938,#2939,#2940),.UNSPECIFIED.,.F.,.F.)
B_SPLINE_CURVE_WITH_KNOTS((3,3),(0.482990363521173,0.807689553770267),
 .UNSPECIFIED.)
CURVE()
GEOMETRIC_REPRESENTATION_ITEM()
RATIONAL_B_SPLINE_CURVE((7.46001837135832,9.52286740124132,11.4397208472447))
REPRESENTATION_ITEM('')
);
#871=(
BOUNDED_CURVE()
B_SPLINE_CURVE(2,(#2944,#2945,#2946,#2947),.UNSPECIFIED.,.F.,.F.)
B_SPLINE_CURVE_WITH_KNOTS((3,1,3),(9.33398530624699,9.60425338341902,9.65868448865262),
 .UNSPECIFIED.)
CURVE()
GEOMETRIC_REPRESENTATION_ITEM()
RATIONAL_B_SPLINE_CURVE((11.4397208910004,9.84420009176543,7.80582509052739,
7.46001838901488))
REPRESENTATION_ITEM('')
);
#872=(
BOUNDED_CURVE()
B_SPLINE_CURVE(2,(#2988,#2989,#2990),.UNSPECIFIED.,.F.,.F.)
B_SPLINE_CURVE_WITH_KNOTS((3,3),(13.6884565582746,13.7516877032444),
 .UNSPECIFIED.)
CURVE()
GEOMETRIC_REPRESENTATION_ITEM()
RATIONAL_B_SPLINE_CURVE((6.95326414301099,6.53588503799945,6.11452290029657))
REPRESENTATION_ITEM('')
);
#873=(
BOUNDED_CURVE()
B_SPLINE_CURVE(2,(#3279,#3280,#3281),.UNSPECIFIED.,.F.,.F.)
B_SPLINE_CURVE_WITH_KNOTS((3,3),(1.10201219610754,1.52575488703705),
 .UNSPECIFIED.)
CURVE()
GEOMETRIC_REPRESENTATION_ITEM()
RATIONAL_B_SPLINE_CURVE((1.,1.0468761824989,1.05770296412411))
REPRESENTATION_ITEM('')
);
#874=(
BOUNDED_CURVE()
B_SPLINE_CURVE(2,(#3282,#3283,#3284),.UNSPECIFIED.,.F.,.F.)
B_SPLINE_CURVE_WITH_KNOTS((3,3),(0.67826950517803,1.10201219610754),
 .UNSPECIFIED.)
CURVE()
GEOMETRIC_REPRESENTATION_ITEM()
RATIONAL_B_SPLINE_CURVE((1.05770296412412,1.0468761824989,1.))
REPRESENTATION_ITEM('')
);
#875=(
BOUNDED_CURVE()
B_SPLINE_CURVE(2,(#3363,#3364,#3365),.UNSPECIFIED.,.F.,.F.)
B_SPLINE_CURVE_WITH_KNOTS((3,3),(0.373333821686472,0.436564965051983),
 .UNSPECIFIED.)
CURVE()
GEOMETRIC_REPRESENTATION_ITEM()
RATIONAL_B_SPLINE_CURVE((6.11452290858699,6.5358850475735,6.95326415396397))
REPRESENTATION_ITEM('')
);
#876=(
BOUNDED_CURVE()
B_SPLINE_CURVE(2,(#3441,#3442,#3443),.UNSPECIFIED.,.F.,.F.)
B_SPLINE_CURVE_WITH_KNOTS((3,3),(1.04259690674451,1.10201219610754),
 .UNSPECIFIED.)
CURVE()
GEOMETRIC_REPRESENTATION_ITEM()
RATIONAL_B_SPLINE_CURVE((1.01243678880905,1.00657276693386,1.))
REPRESENTATION_ITEM('')
);
#877=(
BOUNDED_CURVE()
B_SPLINE_CURVE(2,(#3445,#3446,#3447),.UNSPECIFIED.,.F.,.F.)
B_SPLINE_CURVE_WITH_KNOTS((3,3),(0.67826950517803,1.04259690674451),
 .UNSPECIFIED.)
CURVE()
GEOMETRIC_REPRESENTATION_ITEM()
RATIONAL_B_SPLINE_CURVE((1.05770296412411,1.04839426499779,1.01243678880905))
REPRESENTATION_ITEM('')
);
#878=(
BOUNDED_CURVE()
B_SPLINE_CURVE(2,(#3453,#3454,#3455),.UNSPECIFIED.,.F.,.F.)
B_SPLINE_CURVE_WITH_KNOTS((3,3),(1.10201219610754,1.52575488703705),
 .UNSPECIFIED.)
CURVE()
GEOMETRIC_REPRESENTATION_ITEM()
RATIONAL_B_SPLINE_CURVE((1.,1.0468761824989,1.05770296412411))
REPRESENTATION_ITEM('')
);
#879=(
BOUNDED_CURVE()
B_SPLINE_CURVE(2,(#3639,#3640,#3641),.UNSPECIFIED.,.F.,.F.)
B_SPLINE_CURVE_WITH_KNOTS((3,3),(1.10201219610754,1.52575488703705),
 .UNSPECIFIED.)
CURVE()
GEOMETRIC_REPRESENTATION_ITEM()
RATIONAL_B_SPLINE_CURVE((1.,1.0468761824989,1.05770296412411))
REPRESENTATION_ITEM('')
);
#880=(
BOUNDED_CURVE()
B_SPLINE_CURVE(2,(#3643,#3644,#3645),.UNSPECIFIED.,.F.,.F.)
B_SPLINE_CURVE_WITH_KNOTS((3,3),(0.678269505178032,1.10201219610754),
 .UNSPECIFIED.)
CURVE()
GEOMETRIC_REPRESENTATION_ITEM()
RATIONAL_B_SPLINE_CURVE((1.05770296412411,1.0468761824989,1.))
REPRESENTATION_ITEM('')
);
#881=(
BOUNDED_CURVE()
B_SPLINE_CURVE(2,(#3648,#3649,#3650),.UNSPECIFIED.,.F.,.F.)
B_SPLINE_CURVE_WITH_KNOTS((3,3),(0.678269505178035,1.10201219610754),
 .UNSPECIFIED.)
CURVE()
GEOMETRIC_REPRESENTATION_ITEM()
RATIONAL_B_SPLINE_CURVE((1.05770296412412,1.0468761824989,1.))
REPRESENTATION_ITEM('')
);
#882=(
BOUNDED_CURVE()
B_SPLINE_CURVE(2,(#3669,#3670,#3671),.UNSPECIFIED.,.F.,.F.)
B_SPLINE_CURVE_WITH_KNOTS((3,3),(1.10201219610754,1.16142748547058),
 .UNSPECIFIED.)
CURVE()
GEOMETRIC_REPRESENTATION_ITEM()
RATIONAL_B_SPLINE_CURVE((1.,1.00657276693386,1.01243678880905))
REPRESENTATION_ITEM('')
);
#883=(
BOUNDED_CURVE()
B_SPLINE_CURVE(2,(#3672,#3673,#3674),.UNSPECIFIED.,.F.,.F.)
B_SPLINE_CURVE_WITH_KNOTS((3,3),(1.16142748547058,1.52575488703706),
 .UNSPECIFIED.)
CURVE()
GEOMETRIC_REPRESENTATION_ITEM()
RATIONAL_B_SPLINE_CURVE((1.01243678880905,1.04839426499779,1.05770296412411))
REPRESENTATION_ITEM('')
);
#884=VERTEX_POINT('',#2936);
#885=VERTEX_POINT('',#2937);
#886=VERTEX_POINT('',#2941);
#887=VERTEX_POINT('',#2943);
#888=VERTEX_POINT('',#2950);
#889=VERTEX_POINT('',#2952);
#890=VERTEX_POINT('',#2956);
#891=VERTEX_POINT('',#2958);
#892=VERTEX_POINT('',#2961);
#893=VERTEX_POINT('',#2963);
#894=VERTEX_POINT('',#2966);
#895=VERTEX_POINT('',#2968);
#896=VERTEX_POINT('',#2970);
#897=VERTEX_POINT('',#2972);
#898=VERTEX_POINT('',#2974);
#899=VERTEX_POINT('',#2978);
#900=VERTEX_POINT('',#2981);
#901=VERTEX_POINT('',#2983);
#902=VERTEX_POINT('',#2986);
#903=VERTEX_POINT('',#2987);
#904=VERTEX_POINT('',#2991);
#905=VERTEX_POINT('',#2993);
#906=VERTEX_POINT('',#2995);
#907=VERTEX_POINT('',#2999);
#908=VERTEX_POINT('',#3000);
#909=VERTEX_POINT('',#3002);
#910=VERTEX_POINT('',#3004);
#911=VERTEX_POINT('',#3008);
#912=VERTEX_POINT('',#3009);
#913=VERTEX_POINT('',#3016);
#914=VERTEX_POINT('',#3024);
#915=VERTEX_POINT('',#3060);
#916=VERTEX_POINT('',#3061);
#917=VERTEX_POINT('',#3068);
#918=VERTEX_POINT('',#3076);
#919=VERTEX_POINT('',#3112);
#920=VERTEX_POINT('',#3116);
#921=VERTEX_POINT('',#3124);
#922=VERTEX_POINT('',#3125);
#923=VERTEX_POINT('',#3127);
#924=VERTEX_POINT('',#3129);
#925=VERTEX_POINT('',#3133);
#926=VERTEX_POINT('',#3135);
#927=VERTEX_POINT('',#3137);
#928=VERTEX_POINT('',#3141);
#929=VERTEX_POINT('',#3142);
#930=VERTEX_POINT('',#3144);
#931=VERTEX_POINT('',#3146);
#932=VERTEX_POINT('',#3150);
#933=VERTEX_POINT('',#3152);
#934=VERTEX_POINT('',#3156);
#935=VERTEX_POINT('',#3158);
#936=VERTEX_POINT('',#3162);
#937=VERTEX_POINT('',#3163);
#938=VERTEX_POINT('',#3165);
#939=VERTEX_POINT('',#3167);
#940=VERTEX_POINT('',#3171);
#941=VERTEX_POINT('',#3172);
#942=VERTEX_POINT('',#3174);
#943=VERTEX_POINT('',#3176);
#944=VERTEX_POINT('',#3180);
#945=VERTEX_POINT('',#3182);
#946=VERTEX_POINT('',#3186);
#947=VERTEX_POINT('',#3188);
#948=VERTEX_POINT('',#3192);
#949=VERTEX_POINT('',#3194);
#950=VERTEX_POINT('',#3198);
#951=VERTEX_POINT('',#3203);
#952=VERTEX_POINT('',#3205);
#953=VERTEX_POINT('',#3209);
#954=VERTEX_POINT('',#3211);
#955=VERTEX_POINT('',#3218);
#956=VERTEX_POINT('',#3219);
#957=VERTEX_POINT('',#3221);
#958=VERTEX_POINT('',#3223);
#959=VERTEX_POINT('',#3225);
#960=VERTEX_POINT('',#3229);
#961=VERTEX_POINT('',#3231);
#962=VERTEX_POINT('',#3235);
#963=VERTEX_POINT('',#3240);
#964=VERTEX_POINT('',#3242);
#965=VERTEX_POINT('',#3246);
#966=VERTEX_POINT('',#3248);
#967=VERTEX_POINT('',#3255);
#968=VERTEX_POINT('',#3256);
#969=VERTEX_POINT('',#3271);
#970=VERTEX_POINT('',#3273);
#971=VERTEX_POINT('',#3277);
#972=VERTEX_POINT('',#3278);
#973=VERTEX_POINT('',#3285);
#974=VERTEX_POINT('',#3289);
#975=VERTEX_POINT('',#3304);
#976=VERTEX_POINT('',#3308);
#977=VERTEX_POINT('',#3309);
#978=VERTEX_POINT('',#3315);
#979=VERTEX_POINT('',#3322);
#980=VERTEX_POINT('',#3328);
#981=VERTEX_POINT('',#3338);
#982=VERTEX_POINT('',#3342);
#983=VERTEX_POINT('',#3344);
#984=VERTEX_POINT('',#3346);
#985=VERTEX_POINT('',#3351);
#986=VERTEX_POINT('',#3357);
#987=VERTEX_POINT('',#3359);
#988=VERTEX_POINT('',#3361);
#989=VERTEX_POINT('',#3367);
#990=VERTEX_POINT('',#3368);
#991=VERTEX_POINT('',#3370);
#992=VERTEX_POINT('',#3372);
#993=VERTEX_POINT('',#3376);
#994=VERTEX_POINT('',#3378);
#995=VERTEX_POINT('',#3382);
#996=VERTEX_POINT('',#3386);
#997=VERTEX_POINT('',#3388);
#998=VERTEX_POINT('',#3391);
#999=VERTEX_POINT('',#3394);
#1000=VERTEX_POINT('',#3400);
#1001=VERTEX_POINT('',#3401);
#1002=VERTEX_POINT('',#3403);
#1003=VERTEX_POINT('',#3405);
#1004=VERTEX_POINT('',#3409);
#1005=VERTEX_POINT('',#3411);
#1006=VERTEX_POINT('',#3415);
#1007=VERTEX_POINT('',#3419);
#1008=VERTEX_POINT('',#3421);
#1009=VERTEX_POINT('',#3424);
#1010=VERTEX_POINT('',#3427);
#1011=VERTEX_POINT('',#3439);
#1012=VERTEX_POINT('',#3440);
#1013=VERTEX_POINT('',#3449);
#1014=VERTEX_POINT('',#3451);
#1015=VERTEX_POINT('',#3457);
#1016=VERTEX_POINT('',#3461);
#1017=VERTEX_POINT('',#3463);
#1018=VERTEX_POINT('',#3465);
#1019=VERTEX_POINT('',#3467);
#1020=VERTEX_POINT('',#3469);
#1021=VERTEX_POINT('',#3471);
#1022=VERTEX_POINT('',#3473);
#1023=VERTEX_POINT('',#3476);
#1024=VERTEX_POINT('',#3478);
#1025=VERTEX_POINT('',#3480);
#1026=VERTEX_POINT('',#3482);
#1027=VERTEX_POINT('',#3484);
#1028=VERTEX_POINT('',#3486);
#1029=VERTEX_POINT('',#3490);
#1030=VERTEX_POINT('',#3492);
#1031=VERTEX_POINT('',#3497);
#1032=VERTEX_POINT('',#3499);
#1033=VERTEX_POINT('',#3501);
#1034=VERTEX_POINT('',#3504);
#1035=VERTEX_POINT('',#3506);
#1036=VERTEX_POINT('',#3508);
#1037=VERTEX_POINT('',#3510);
#1038=VERTEX_POINT('',#3513);
#1039=VERTEX_POINT('',#3515);
#1040=VERTEX_POINT('',#3517);
#1041=VERTEX_POINT('',#3519);
#1042=VERTEX_POINT('',#3526);
#1043=VERTEX_POINT('',#3527);
#1044=VERTEX_POINT('',#3529);
#1045=VERTEX_POINT('',#3531);
#1046=VERTEX_POINT('',#3533);
#1047=VERTEX_POINT('',#3535);
#1048=VERTEX_POINT('',#3539);
#1049=VERTEX_POINT('',#3540);
#1050=VERTEX_POINT('',#3542);
#1051=VERTEX_POINT('',#3544);
#1052=VERTEX_POINT('',#3546);
#1053=VERTEX_POINT('',#3548);
#1054=VERTEX_POINT('',#3552);
#1055=VERTEX_POINT('',#3554);
#1056=VERTEX_POINT('',#3556);
#1057=VERTEX_POINT('',#3558);
#1058=VERTEX_POINT('',#3562);
#1059=VERTEX_POINT('',#3564);
#1060=VERTEX_POINT('',#3566);
#1061=VERTEX_POINT('',#3568);
#1062=VERTEX_POINT('',#3570);
#1063=VERTEX_POINT('',#3572);
#1064=VERTEX_POINT('',#3576);
#1065=VERTEX_POINT('',#3580);
#1066=VERTEX_POINT('',#3581);
#1067=VERTEX_POINT('',#3584);
#1068=VERTEX_POINT('',#3586);
#1069=VERTEX_POINT('',#3590);
#1070=VERTEX_POINT('',#3594);
#1071=VERTEX_POINT('',#3596);
#1072=VERTEX_POINT('',#3598);
#1073=VERTEX_POINT('',#3600);
#1074=VERTEX_POINT('',#3602);
#1075=VERTEX_POINT('',#3604);
#1076=VERTEX_POINT('',#3608);
#1077=VERTEX_POINT('',#3613);
#1078=VERTEX_POINT('',#3620);
#1079=VERTEX_POINT('',#3621);
#1080=VERTEX_POINT('',#3642);
#1081=VERTEX_POINT('',#3668);
#1082=EDGE_CURVE('',#884,#885,#870,.F.);
#1083=EDGE_CURVE('',#885,#886,#804,.T.);
#1084=EDGE_CURVE('',#886,#887,#871,.F.);
#1085=EDGE_CURVE('',#887,#884,#805,.F.);
#1086=EDGE_CURVE('',#885,#888,#79,.T.);
#1087=EDGE_CURVE('',#888,#889,#806,.F.);
#1088=EDGE_CURVE('',#889,#886,#80,.T.);
#1089=EDGE_CURVE('',#890,#884,#81,.T.);
#1090=EDGE_CURVE('',#890,#891,#82,.T.);
#1091=EDGE_CURVE('',#888,#891,#83,.T.);
#1092=EDGE_CURVE('',#892,#892,#807,.T.);
#1093=EDGE_CURVE('',#893,#893,#808,.T.);
#1094=EDGE_CURVE('',#887,#894,#84,.T.);
#1095=EDGE_CURVE('',#894,#895,#809,.T.);
#1096=EDGE_CURVE('',#895,#896,#85,.T.);
#1097=EDGE_CURVE('',#896,#897,#810,.F.);
#1098=EDGE_CURVE('',#897,#898,#86,.T.);
#1099=EDGE_CURVE('',#898,#890,#811,.T.);
#1100=EDGE_CURVE('',#899,#889,#87,.T.);
#1101=EDGE_CURVE('',#899,#894,#88,.T.);
#1102=EDGE_CURVE('',#900,#900,#812,.T.);
#1103=EDGE_CURVE('',#901,#901,#813,.T.);
#1104=EDGE_CURVE('',#902,#903,#872,.F.);
#1105=EDGE_CURVE('',#904,#902,#89,.F.);
#1106=EDGE_CURVE('',#905,#904,#90,.T.);
#1107=EDGE_CURVE('',#906,#905,#91,.T.);
#1108=EDGE_CURVE('',#906,#903,#92,.T.);
#1109=EDGE_CURVE('',#907,#908,#93,.T.);
#1110=EDGE_CURVE('',#907,#909,#94,.T.);
#1111=EDGE_CURVE('',#910,#909,#95,.T.);
#1112=EDGE_CURVE('',#908,#910,#96,.T.);
#1113=EDGE_CURVE('',#911,#912,#31,.F.);
#1114=EDGE_CURVE('',#911,#913,#814,.T.);
#1115=EDGE_CURVE('',#912,#913,#32,.F.);
#1116=EDGE_CURVE('',#912,#914,#97,.T.);
#1117=EDGE_CURVE('',#914,#914,#815,.T.);
#1118=EDGE_CURVE('',#913,#911,#33,.T.);
#1119=EDGE_CURVE('',#915,#916,#34,.F.);
#1120=EDGE_CURVE('',#915,#917,#816,.T.);
#1121=EDGE_CURVE('',#916,#917,#35,.F.);
#1122=EDGE_CURVE('',#916,#918,#98,.T.);
#1123=EDGE_CURVE('',#918,#918,#817,.T.);
#1124=EDGE_CURVE('',#917,#915,#36,.T.);
#1125=EDGE_CURVE('',#898,#919,#99,.T.);
#1126=EDGE_CURVE('',#891,#919,#818,.T.);
#1127=EDGE_CURVE('',#919,#920,#100,.T.);
#1128=EDGE_CURVE('',#920,#897,#101,.T.);
#1129=EDGE_CURVE('',#892,#914,#102,.T.);
#1130=EDGE_CURVE('',#893,#918,#103,.T.);
#1131=EDGE_CURVE('',#921,#922,#104,.T.);
#1132=EDGE_CURVE('',#923,#921,#105,.T.);
#1133=EDGE_CURVE('',#924,#923,#106,.T.);
#1134=EDGE_CURVE('',#924,#922,#107,.T.);
#1135=EDGE_CURVE('',#922,#925,#108,.T.);
#1136=EDGE_CURVE('',#926,#924,#109,.T.);
#1137=EDGE_CURVE('',#926,#927,#110,.T.);
#1138=EDGE_CURVE('',#927,#925,#111,.T.);
#1139=EDGE_CURVE('',#928,#929,#819,.T.);
#1140=EDGE_CURVE('',#930,#929,#112,.T.);
#1141=EDGE_CURVE('',#930,#931,#820,.T.);
#1142=EDGE_CURVE('',#928,#931,#113,.T.);
#1143=EDGE_CURVE('',#929,#932,#114,.T.);
#1144=EDGE_CURVE('',#933,#932,#115,.F.);
#1145=EDGE_CURVE('',#933,#930,#116,.T.);
#1146=EDGE_CURVE('',#932,#934,#117,.T.);
#1147=EDGE_CURVE('',#935,#934,#118,.F.);
#1148=EDGE_CURVE('',#935,#933,#119,.T.);
#1149=EDGE_CURVE('',#936,#937,#120,.T.);
#1150=EDGE_CURVE('',#938,#936,#121,.T.);
#1151=EDGE_CURVE('',#939,#938,#122,.T.);
#1152=EDGE_CURVE('',#937,#939,#123,.T.);
#1153=EDGE_CURVE('',#940,#941,#124,.T.);
#1154=EDGE_CURVE('',#942,#941,#125,.T.);
#1155=EDGE_CURVE('',#942,#943,#126,.T.);
#1156=EDGE_CURVE('',#940,#943,#127,.T.);
#1157=EDGE_CURVE('',#941,#944,#821,.T.);
#1158=EDGE_CURVE('',#945,#944,#128,.T.);
#1159=EDGE_CURVE('',#945,#942,#822,.T.);
#1160=EDGE_CURVE('',#944,#946,#129,.T.);
#1161=EDGE_CURVE('',#947,#946,#130,.F.);
#1162=EDGE_CURVE('',#947,#945,#131,.T.);
#1163=EDGE_CURVE('',#948,#927,#823,.T.);
#1164=EDGE_CURVE('',#949,#926,#824,.T.);
#1165=EDGE_CURVE('',#949,#948,#132,.T.);
#1166=EDGE_CURVE('',#950,#910,#133,.T.);
#1167=EDGE_CURVE('',#950,#948,#134,.T.);
#1168=EDGE_CURVE('',#908,#949,#135,.T.);
#1169=EDGE_CURVE('',#951,#928,#136,.T.);
#1170=EDGE_CURVE('',#931,#952,#137,.T.);
#1171=EDGE_CURVE('',#952,#951,#138,.F.);
#1172=EDGE_CURVE('',#953,#951,#139,.T.);
#1173=EDGE_CURVE('',#952,#954,#140,.T.);
#1174=EDGE_CURVE('',#954,#953,#141,.F.);
#1175=EDGE_CURVE('',#934,#953,#825,.T.);
#1176=EDGE_CURVE('',#954,#935,#826,.T.);
#1177=EDGE_CURVE('',#955,#956,#142,.T.);
#1178=EDGE_CURVE('',#957,#955,#143,.T.);
#1179=EDGE_CURVE('',#958,#957,#144,.T.);
#1180=EDGE_CURVE('',#958,#959,#145,.T.);
#1181=EDGE_CURVE('',#959,#956,#146,.T.);
#1182=EDGE_CURVE('',#960,#959,#827,.T.);
#1183=EDGE_CURVE('',#961,#958,#828,.T.);
#1184=EDGE_CURVE('',#961,#960,#147,.T.);
#1185=EDGE_CURVE('',#962,#936,#148,.T.);
#1186=EDGE_CURVE('',#962,#960,#149,.T.);
#1187=EDGE_CURVE('',#938,#961,#150,.T.);
#1188=EDGE_CURVE('',#963,#940,#151,.T.);
#1189=EDGE_CURVE('',#943,#964,#152,.T.);
#1190=EDGE_CURVE('',#964,#963,#153,.F.);
#1191=EDGE_CURVE('',#965,#963,#829,.T.);
#1192=EDGE_CURVE('',#964,#966,#830,.T.);
#1193=EDGE_CURVE('',#966,#965,#154,.F.);
#1194=EDGE_CURVE('',#946,#965,#155,.T.);
#1195=EDGE_CURVE('',#966,#947,#156,.T.);
#1196=EDGE_CURVE('',#967,#968,#37,.T.);
#1197=EDGE_CURVE('',#967,#969,#157,.T.);
#1198=EDGE_CURVE('',#970,#969,#831,.T.);
#1199=EDGE_CURVE('',#968,#970,#158,.T.);
#1200=EDGE_CURVE('',#971,#972,#873,.T.);
#1201=EDGE_CURVE('',#968,#971,#874,.T.);
#1202=EDGE_CURVE('',#973,#970,#159,.T.);
#1203=EDGE_CURVE('',#972,#973,#160,.T.);
#1204=EDGE_CURVE('',#972,#974,#38,.T.);
#1205=EDGE_CURVE('',#975,#973,#832,.T.);
#1206=EDGE_CURVE('',#974,#975,#161,.T.);
#1207=EDGE_CURVE('',#976,#977,#15,.T.);
#1208=EDGE_CURVE('',#977,#955,#162,.T.);
#1209=EDGE_CURVE('',#956,#940,#163,.T.);
#1210=EDGE_CURVE('',#963,#976,#164,.T.);
#1211=EDGE_CURVE('',#978,#921,#16,.T.);
#1212=EDGE_CURVE('',#925,#951,#165,.T.);
#1213=EDGE_CURVE('',#953,#978,#166,.T.);
#1214=EDGE_CURVE('',#946,#962,#167,.T.);
#1215=EDGE_CURVE('',#979,#965,#168,.T.);
#1216=EDGE_CURVE('',#976,#979,#833,.T.);
#1217=EDGE_CURVE('',#937,#979,#17,.T.);
#1218=EDGE_CURVE('',#980,#934,#169,.T.);
#1219=EDGE_CURVE('',#978,#980,#834,.T.);
#1220=EDGE_CURVE('',#932,#950,#170,.T.);
#1221=EDGE_CURVE('',#909,#980,#18,.T.);
#1222=EDGE_CURVE('',#957,#981,#171,.T.);
#1223=EDGE_CURVE('',#977,#981,#172,.T.);
#1224=EDGE_CURVE('',#896,#982,#173,.T.);
#1225=EDGE_CURVE('',#983,#982,#835,.T.);
#1226=EDGE_CURVE('',#984,#983,#174,.T.);
#1227=EDGE_CURVE('',#903,#984,#836,.T.);
#1228=EDGE_CURVE('',#920,#906,#837,.T.);
#1229=EDGE_CURVE('',#985,#899,#838,.T.);
#1230=EDGE_CURVE('',#985,#895,#175,.T.);
#1231=EDGE_CURVE('',#982,#985,#176,.T.);
#1232=EDGE_CURVE('',#986,#983,#177,.T.);
#1233=EDGE_CURVE('',#987,#986,#178,.T.);
#1234=EDGE_CURVE('',#988,#987,#179,.F.);
#1235=EDGE_CURVE('',#984,#988,#875,.F.);
#1236=EDGE_CURVE('',#989,#990,#180,.T.);
#1237=EDGE_CURVE('',#991,#989,#181,.T.);
#1238=EDGE_CURVE('',#991,#992,#182,.T.);
#1239=EDGE_CURVE('',#992,#990,#183,.T.);
#1240=EDGE_CURVE('',#990,#993,#19,.T.);
#1241=EDGE_CURVE('',#992,#994,#184,.T.);
#1242=EDGE_CURVE('',#994,#993,#185,.T.);
#1243=EDGE_CURVE('',#993,#995,#20,.T.);
#1244=EDGE_CURVE('',#994,#995,#186,.T.);
#1245=EDGE_CURVE('',#995,#996,#187,.T.);
#1246=EDGE_CURVE('',#997,#991,#188,.T.);
#1247=EDGE_CURVE('',#996,#997,#189,.T.);
#1248=EDGE_CURVE('',#998,#998,#839,.T.);
#1249=EDGE_CURVE('',#996,#999,#21,.T.);
#1250=EDGE_CURVE('',#997,#999,#190,.T.);
#1251=EDGE_CURVE('',#999,#989,#22,.T.);
#1252=EDGE_CURVE('',#1000,#1001,#191,.T.);
#1253=EDGE_CURVE('',#1002,#1000,#192,.T.);
#1254=EDGE_CURVE('',#1002,#1003,#193,.T.);
#1255=EDGE_CURVE('',#1003,#1001,#194,.T.);
#1256=EDGE_CURVE('',#1001,#1004,#23,.T.);
#1257=EDGE_CURVE('',#1003,#1005,#195,.T.);
#1258=EDGE_CURVE('',#1005,#1004,#196,.T.);
#1259=EDGE_CURVE('',#1004,#1006,#24,.T.);
#1260=EDGE_CURVE('',#1005,#1006,#197,.T.);
#1261=EDGE_CURVE('',#1006,#1007,#198,.T.);
#1262=EDGE_CURVE('',#1008,#1002,#199,.T.);
#1263=EDGE_CURVE('',#1007,#1008,#200,.T.);
#1264=EDGE_CURVE('',#1009,#1009,#840,.T.);
#1265=EDGE_CURVE('',#1007,#1010,#25,.T.);
#1266=EDGE_CURVE('',#1008,#1010,#201,.T.);
#1267=EDGE_CURVE('',#1010,#1000,#26,.T.);
#1268=EDGE_CURVE('',#1009,#901,#202,.T.);
#1269=EDGE_CURVE('',#998,#900,#203,.T.);
#1270=EDGE_CURVE('',#986,#905,#841,.T.);
#1271=EDGE_CURVE('',#1011,#1012,#876,.T.);
#1272=EDGE_CURVE('',#971,#1012,#842,.T.);
#1273=EDGE_CURVE('',#974,#1011,#877,.T.);
#1274=EDGE_CURVE('',#1013,#975,#204,.T.);
#1275=EDGE_CURVE('',#1014,#1013,#205,.T.);
#1276=EDGE_CURVE('',#1012,#1014,#878,.T.);
#1277=EDGE_CURVE('',#1015,#1015,#843,.T.);
#1278=EDGE_CURVE('',#923,#939,#844,.T.);
#1279=EDGE_CURVE('',#1016,#907,#845,.T.);
#1280=EDGE_CURVE('',#1016,#1017,#206,.T.);
#1281=EDGE_CURVE('',#1018,#1017,#27,.T.);
#1282=EDGE_CURVE('',#1018,#1019,#846,.T.);
#1283=EDGE_CURVE('',#1020,#1019,#28,.T.);
#1284=EDGE_CURVE('',#1020,#1021,#207,.T.);
#1285=EDGE_CURVE('',#1022,#1021,#847,.T.);
#1286=EDGE_CURVE('',#1022,#1015,#208,.T.);
#1287=EDGE_CURVE('',#1023,#1022,#848,.T.);
#1288=EDGE_CURVE('',#1023,#1024,#209,.T.);
#1289=EDGE_CURVE('',#1025,#1024,#29,.T.);
#1290=EDGE_CURVE('',#1025,#1026,#849,.T.);
#1291=EDGE_CURVE('',#1027,#1026,#30,.T.);
#1292=EDGE_CURVE('',#1027,#1028,#210,.T.);
#1293=EDGE_CURVE('',#981,#1028,#850,.T.);
#1294=EDGE_CURVE('',#1012,#1029,#851,.T.);
#1295=EDGE_CURVE('',#1029,#1030,#852,.T.);
#1296=EDGE_CURVE('',#1030,#971,#853,.T.);
#1297=EDGE_CURVE('',#904,#987,#854,.T.);
#1298=EDGE_CURVE('',#969,#1031,#211,.T.);
#1299=EDGE_CURVE('',#1031,#1032,#855,.T.);
#1300=EDGE_CURVE('',#1032,#1033,#212,.T.);
#1301=EDGE_CURVE('',#1033,#1013,#856,.T.);
#1302=EDGE_CURVE('',#1028,#1034,#213,.T.);
#1303=EDGE_CURVE('',#1034,#1035,#214,.T.);
#1304=EDGE_CURVE('',#1035,#1036,#857,.T.);
#1305=EDGE_CURVE('',#1036,#1037,#215,.T.);
#1306=EDGE_CURVE('',#1037,#1023,#216,.T.);
#1307=EDGE_CURVE('',#1021,#1038,#217,.T.);
#1308=EDGE_CURVE('',#1038,#1039,#218,.T.);
#1309=EDGE_CURVE('',#1039,#1040,#858,.T.);
#1310=EDGE_CURVE('',#1040,#1041,#219,.T.);
#1311=EDGE_CURVE('',#1041,#1016,#220,.T.);
#1312=EDGE_CURVE('',#988,#902,#859,.T.);
#1313=EDGE_CURVE('',#1042,#1043,#221,.T.);
#1314=EDGE_CURVE('',#1044,#1042,#860,.T.);
#1315=EDGE_CURVE('',#1045,#1044,#222,.T.);
#1316=EDGE_CURVE('',#1046,#1045,#223,.T.);
#1317=EDGE_CURVE('',#1047,#1046,#861,.T.);
#1318=EDGE_CURVE('',#1043,#1047,#224,.T.);
#1319=EDGE_CURVE('',#1048,#1049,#225,.T.);
#1320=EDGE_CURVE('',#1050,#1048,#226,.T.);
#1321=EDGE_CURVE('',#1051,#1050,#862,.T.);
#1322=EDGE_CURVE('',#1052,#1051,#227,.T.);
#1323=EDGE_CURVE('',#1053,#1052,#228,.T.);
#1324=EDGE_CURVE('',#1049,#1053,#863,.T.);
#1325=EDGE_CURVE('',#1024,#1054,#229,.T.);
#1326=EDGE_CURVE('',#1054,#1055,#230,.T.);
#1327=EDGE_CURVE('',#1055,#1056,#231,.T.);
#1328=EDGE_CURVE('',#1057,#1056,#232,.T.);
#1329=EDGE_CURVE('',#1057,#1025,#233,.T.);
#1330=EDGE_CURVE('',#1058,#1055,#234,.T.);
#1331=EDGE_CURVE('',#1059,#1058,#864,.T.);
#1332=EDGE_CURVE('',#1060,#1059,#235,.T.);
#1333=EDGE_CURVE('',#1061,#1060,#236,.T.);
#1334=EDGE_CURVE('',#1062,#1061,#237,.T.);
#1335=EDGE_CURVE('',#1063,#1062,#865,.T.);
#1336=EDGE_CURVE('',#1056,#1063,#238,.T.);
#1337=EDGE_CURVE('',#1064,#1057,#866,.T.);
#1338=EDGE_CURVE('',#1026,#1064,#239,.T.);
#1339=EDGE_CURVE('',#1065,#1066,#240,.T.);
#1340=EDGE_CURVE('',#1066,#1020,#241,.T.);
#1341=EDGE_CURVE('',#1019,#1067,#242,.T.);
#1342=EDGE_CURVE('',#1068,#1067,#243,.T.);
#1343=EDGE_CURVE('',#1068,#1065,#244,.T.);
#1344=EDGE_CURVE('',#1069,#1018,#245,.T.);
#1345=EDGE_CURVE('',#1067,#1069,#867,.T.);
#1346=EDGE_CURVE('',#1070,#1068,#246,.T.);
#1347=EDGE_CURVE('',#1071,#1070,#868,.T.);
#1348=EDGE_CURVE('',#1072,#1071,#247,.T.);
#1349=EDGE_CURVE('',#1073,#1072,#248,.T.);
#1350=EDGE_CURVE('',#1074,#1073,#249,.T.);
#1351=EDGE_CURVE('',#1075,#1074,#869,.T.);
#1352=EDGE_CURVE('',#1065,#1075,#250,.T.);
#1353=EDGE_CURVE('',#1017,#1076,#251,.T.);
#1354=EDGE_CURVE('',#1076,#1073,#252,.T.);
#1355=EDGE_CURVE('',#1069,#1072,#253,.T.);
#1356=EDGE_CURVE('',#1060,#1077,#254,.T.);
#1357=EDGE_CURVE('',#1077,#1027,#255,.T.);
#1358=EDGE_CURVE('',#1061,#1064,#256,.T.);
#1359=EDGE_CURVE('',#1034,#1077,#257,.T.);
#1360=EDGE_CURVE('',#1078,#1079,#39,.T.);
#1361=EDGE_CURVE('',#1078,#1032,#258,.T.);
#1362=EDGE_CURVE('',#1079,#1031,#259,.T.);
#1363=EDGE_CURVE('',#1029,#1078,#879,.T.);
#1364=EDGE_CURVE('',#1080,#1029,#880,.T.);
#1365=EDGE_CURVE('',#1080,#1033,#260,.T.);
#1366=EDGE_CURVE('',#1079,#1030,#881,.T.);
#1367=EDGE_CURVE('',#1014,#1080,#40,.T.);
#1368=EDGE_CURVE('',#1030,#1081,#882,.T.);
#1369=EDGE_CURVE('',#1081,#967,#883,.T.);
#1370=EDGE_CURVE('',#1053,#1067,#261,.F.);
#1371=EDGE_CURVE('',#1052,#1068,#262,.F.);
#1372=EDGE_CURVE('',#1049,#1069,#263,.F.);
#1373=EDGE_CURVE('',#1072,#1048,#264,.T.);
#1374=EDGE_CURVE('',#1039,#1075,#265,.T.);
#1375=EDGE_CURVE('',#1038,#1066,#266,.T.);
#1376=EDGE_CURVE('',#1040,#1074,#267,.T.);
#1377=EDGE_CURVE('',#1041,#1076,#268,.T.);
#1378=EDGE_CURVE('',#1047,#1057,#269,.F.);
#1379=EDGE_CURVE('',#1046,#1064,#270,.F.);
#1380=EDGE_CURVE('',#1043,#1056,#271,.F.);
#1381=EDGE_CURVE('',#1063,#1042,#272,.T.);
#1382=EDGE_CURVE('',#1035,#1059,#273,.T.);
#1383=EDGE_CURVE('',#1036,#1058,#274,.T.);
#1384=EDGE_CURVE('',#1045,#1061,#275,.F.);
#1385=EDGE_CURVE('',#1044,#1062,#276,.T.);
#1386=EDGE_CURVE('',#1037,#1054,#277,.T.);
#1387=EDGE_CURVE('',#1051,#1070,#278,.T.);
#1388=EDGE_CURVE('',#1050,#1071,#279,.T.);
#1389=ORIENTED_EDGE('',*,*,#1082,.T.);
#1390=ORIENTED_EDGE('',*,*,#1083,.T.);
#1391=ORIENTED_EDGE('',*,*,#1084,.T.);
#1392=ORIENTED_EDGE('',*,*,#1085,.T.);
#1393=ORIENTED_EDGE('',*,*,#1083,.F.);
#1394=ORIENTED_EDGE('',*,*,#1086,.T.);
#1395=ORIENTED_EDGE('',*,*,#1087,.T.);
#1396=ORIENTED_EDGE('',*,*,#1088,.T.);
#1397=ORIENTED_EDGE('',*,*,#1082,.F.);
#1398=ORIENTED_EDGE('',*,*,#1089,.F.);
#1399=ORIENTED_EDGE('',*,*,#1090,.T.);
#1400=ORIENTED_EDGE('',*,*,#1091,.F.);
#1401=ORIENTED_EDGE('',*,*,#1086,.F.);
#1402=ORIENTED_EDGE('',*,*,#1092,.T.);
#1403=ORIENTED_EDGE('',*,*,#1093,.T.);
#1404=ORIENTED_EDGE('',*,*,#1085,.F.);
#1405=ORIENTED_EDGE('',*,*,#1094,.T.);
#1406=ORIENTED_EDGE('',*,*,#1095,.T.);
#1407=ORIENTED_EDGE('',*,*,#1096,.T.);
#1408=ORIENTED_EDGE('',*,*,#1097,.T.);
#1409=ORIENTED_EDGE('',*,*,#1098,.T.);
#1410=ORIENTED_EDGE('',*,*,#1099,.T.);
#1411=ORIENTED_EDGE('',*,*,#1089,.T.);
#1412=ORIENTED_EDGE('',*,*,#1084,.F.);
#1413=ORIENTED_EDGE('',*,*,#1088,.F.);
#1414=ORIENTED_EDGE('',*,*,#1100,.F.);
#1415=ORIENTED_EDGE('',*,*,#1101,.T.);
#1416=ORIENTED_EDGE('',*,*,#1094,.F.);
#1417=ORIENTED_EDGE('',*,*,#1102,.T.);
#1418=ORIENTED_EDGE('',*,*,#1103,.T.);
#1419=ORIENTED_EDGE('',*,*,#1104,.F.);
#1420=ORIENTED_EDGE('',*,*,#1105,.F.);
#1421=ORIENTED_EDGE('',*,*,#1106,.F.);
#1422=ORIENTED_EDGE('',*,*,#1107,.F.);
#1423=ORIENTED_EDGE('',*,*,#1108,.T.);
#1424=ORIENTED_EDGE('',*,*,#1109,.F.);
#1425=ORIENTED_EDGE('',*,*,#1110,.T.);
#1426=ORIENTED_EDGE('',*,*,#1111,.F.);
#1427=ORIENTED_EDGE('',*,*,#1112,.F.);
#1428=ORIENTED_EDGE('',*,*,#1113,.F.);
#1429=ORIENTED_EDGE('',*,*,#1114,.T.);
#1430=ORIENTED_EDGE('',*,*,#1115,.F.);
#1431=ORIENTED_EDGE('',*,*,#1116,.T.);
#1432=ORIENTED_EDGE('',*,*,#1117,.F.);
#1433=ORIENTED_EDGE('',*,*,#1116,.F.);
#1434=ORIENTED_EDGE('',*,*,#1114,.F.);
#1435=ORIENTED_EDGE('',*,*,#1118,.F.);
#1436=ORIENTED_EDGE('',*,*,#1119,.F.);
#1437=ORIENTED_EDGE('',*,*,#1120,.T.);
#1438=ORIENTED_EDGE('',*,*,#1121,.F.);
#1439=ORIENTED_EDGE('',*,*,#1122,.T.);
#1440=ORIENTED_EDGE('',*,*,#1123,.F.);
#1441=ORIENTED_EDGE('',*,*,#1122,.F.);
#1442=ORIENTED_EDGE('',*,*,#1120,.F.);
#1443=ORIENTED_EDGE('',*,*,#1124,.F.);
#1444=ORIENTED_EDGE('',*,*,#1090,.F.);
#1445=ORIENTED_EDGE('',*,*,#1099,.F.);
#1446=ORIENTED_EDGE('',*,*,#1125,.T.);
#1447=ORIENTED_EDGE('',*,*,#1126,.F.);
#1448=ORIENTED_EDGE('',*,*,#1127,.F.);
#1449=ORIENTED_EDGE('',*,*,#1125,.F.);
#1450=ORIENTED_EDGE('',*,*,#1098,.F.);
#1451=ORIENTED_EDGE('',*,*,#1128,.F.);
#1452=ORIENTED_EDGE('',*,*,#1092,.F.);
#1453=ORIENTED_EDGE('',*,*,#1129,.T.);
#1454=ORIENTED_EDGE('',*,*,#1117,.T.);
#1455=ORIENTED_EDGE('',*,*,#1129,.F.);
#1456=ORIENTED_EDGE('',*,*,#1093,.F.);
#1457=ORIENTED_EDGE('',*,*,#1130,.T.);
#1458=ORIENTED_EDGE('',*,*,#1123,.T.);
#1459=ORIENTED_EDGE('',*,*,#1130,.F.);
#1460=ORIENTED_EDGE('',*,*,#1131,.F.);
#1461=ORIENTED_EDGE('',*,*,#1132,.F.);
#1462=ORIENTED_EDGE('',*,*,#1133,.F.);
#1463=ORIENTED_EDGE('',*,*,#1134,.T.);
#1464=ORIENTED_EDGE('',*,*,#1135,.F.);
#1465=ORIENTED_EDGE('',*,*,#1134,.F.);
#1466=ORIENTED_EDGE('',*,*,#1136,.F.);
#1467=ORIENTED_EDGE('',*,*,#1137,.T.);
#1468=ORIENTED_EDGE('',*,*,#1138,.T.);
#1469=ORIENTED_EDGE('',*,*,#1139,.T.);
#1470=ORIENTED_EDGE('',*,*,#1140,.F.);
#1471=ORIENTED_EDGE('',*,*,#1141,.T.);
#1472=ORIENTED_EDGE('',*,*,#1142,.F.);
#1473=ORIENTED_EDGE('',*,*,#1143,.T.);
#1474=ORIENTED_EDGE('',*,*,#1144,.F.);
#1475=ORIENTED_EDGE('',*,*,#1145,.T.);
#1476=ORIENTED_EDGE('',*,*,#1140,.T.);
#1477=ORIENTED_EDGE('',*,*,#1146,.T.);
#1478=ORIENTED_EDGE('',*,*,#1147,.F.);
#1479=ORIENTED_EDGE('',*,*,#1148,.T.);
#1480=ORIENTED_EDGE('',*,*,#1144,.T.);
#1481=ORIENTED_EDGE('',*,*,#1149,.F.);
#1482=ORIENTED_EDGE('',*,*,#1150,.F.);
#1483=ORIENTED_EDGE('',*,*,#1151,.F.);
#1484=ORIENTED_EDGE('',*,*,#1152,.F.);
#1485=ORIENTED_EDGE('',*,*,#1153,.T.);
#1486=ORIENTED_EDGE('',*,*,#1154,.F.);
#1487=ORIENTED_EDGE('',*,*,#1155,.T.);
#1488=ORIENTED_EDGE('',*,*,#1156,.F.);
#1489=ORIENTED_EDGE('',*,*,#1157,.T.);
#1490=ORIENTED_EDGE('',*,*,#1158,.F.);
#1491=ORIENTED_EDGE('',*,*,#1159,.T.);
#1492=ORIENTED_EDGE('',*,*,#1154,.T.);
#1493=ORIENTED_EDGE('',*,*,#1160,.T.);
#1494=ORIENTED_EDGE('',*,*,#1161,.F.);
#1495=ORIENTED_EDGE('',*,*,#1162,.T.);
#1496=ORIENTED_EDGE('',*,*,#1158,.T.);
#1497=ORIENTED_EDGE('',*,*,#1163,.T.);
#1498=ORIENTED_EDGE('',*,*,#1137,.F.);
#1499=ORIENTED_EDGE('',*,*,#1164,.F.);
#1500=ORIENTED_EDGE('',*,*,#1165,.T.);
#1501=ORIENTED_EDGE('',*,*,#1166,.F.);
#1502=ORIENTED_EDGE('',*,*,#1167,.T.);
#1503=ORIENTED_EDGE('',*,*,#1165,.F.);
#1504=ORIENTED_EDGE('',*,*,#1168,.F.);
#1505=ORIENTED_EDGE('',*,*,#1112,.T.);
#1506=ORIENTED_EDGE('',*,*,#1169,.T.);
#1507=ORIENTED_EDGE('',*,*,#1142,.T.);
#1508=ORIENTED_EDGE('',*,*,#1170,.T.);
#1509=ORIENTED_EDGE('',*,*,#1171,.T.);
#1510=ORIENTED_EDGE('',*,*,#1172,.T.);
#1511=ORIENTED_EDGE('',*,*,#1171,.F.);
#1512=ORIENTED_EDGE('',*,*,#1173,.T.);
#1513=ORIENTED_EDGE('',*,*,#1174,.T.);
#1514=ORIENTED_EDGE('',*,*,#1175,.T.);
#1515=ORIENTED_EDGE('',*,*,#1174,.F.);
#1516=ORIENTED_EDGE('',*,*,#1176,.T.);
#1517=ORIENTED_EDGE('',*,*,#1147,.T.);
#1518=ORIENTED_EDGE('',*,*,#1177,.F.);
#1519=ORIENTED_EDGE('',*,*,#1178,.F.);
#1520=ORIENTED_EDGE('',*,*,#1179,.F.);
#1521=ORIENTED_EDGE('',*,*,#1180,.T.);
#1522=ORIENTED_EDGE('',*,*,#1181,.T.);
#1523=ORIENTED_EDGE('',*,*,#1182,.T.);
#1524=ORIENTED_EDGE('',*,*,#1180,.F.);
#1525=ORIENTED_EDGE('',*,*,#1183,.F.);
#1526=ORIENTED_EDGE('',*,*,#1184,.T.);
#1527=ORIENTED_EDGE('',*,*,#1185,.F.);
#1528=ORIENTED_EDGE('',*,*,#1186,.T.);
#1529=ORIENTED_EDGE('',*,*,#1184,.F.);
#1530=ORIENTED_EDGE('',*,*,#1187,.F.);
#1531=ORIENTED_EDGE('',*,*,#1150,.T.);
#1532=ORIENTED_EDGE('',*,*,#1188,.T.);
#1533=ORIENTED_EDGE('',*,*,#1156,.T.);
#1534=ORIENTED_EDGE('',*,*,#1189,.T.);
#1535=ORIENTED_EDGE('',*,*,#1190,.T.);
#1536=ORIENTED_EDGE('',*,*,#1191,.T.);
#1537=ORIENTED_EDGE('',*,*,#1190,.F.);
#1538=ORIENTED_EDGE('',*,*,#1192,.T.);
#1539=ORIENTED_EDGE('',*,*,#1193,.T.);
#1540=ORIENTED_EDGE('',*,*,#1194,.T.);
#1541=ORIENTED_EDGE('',*,*,#1193,.F.);
#1542=ORIENTED_EDGE('',*,*,#1195,.T.);
#1543=ORIENTED_EDGE('',*,*,#1161,.T.);
#1544=ORIENTED_EDGE('',*,*,#1196,.F.);
#1545=ORIENTED_EDGE('',*,*,#1197,.T.);
#1546=ORIENTED_EDGE('',*,*,#1198,.F.);
#1547=ORIENTED_EDGE('',*,*,#1199,.F.);
#1548=ORIENTED_EDGE('',*,*,#1200,.F.);
#1549=ORIENTED_EDGE('',*,*,#1201,.F.);
#1550=ORIENTED_EDGE('',*,*,#1199,.T.);
#1551=ORIENTED_EDGE('',*,*,#1202,.F.);
#1552=ORIENTED_EDGE('',*,*,#1203,.F.);
#1553=ORIENTED_EDGE('',*,*,#1204,.F.);
#1554=ORIENTED_EDGE('',*,*,#1203,.T.);
#1555=ORIENTED_EDGE('',*,*,#1205,.F.);
#1556=ORIENTED_EDGE('',*,*,#1206,.F.);
#1557=ORIENTED_EDGE('',*,*,#1207,.T.);
#1558=ORIENTED_EDGE('',*,*,#1208,.T.);
#1559=ORIENTED_EDGE('',*,*,#1177,.T.);
#1560=ORIENTED_EDGE('',*,*,#1209,.T.);
#1561=ORIENTED_EDGE('',*,*,#1188,.F.);
#1562=ORIENTED_EDGE('',*,*,#1210,.T.);
#1563=ORIENTED_EDGE('',*,*,#1211,.T.);
#1564=ORIENTED_EDGE('',*,*,#1131,.T.);
#1565=ORIENTED_EDGE('',*,*,#1135,.T.);
#1566=ORIENTED_EDGE('',*,*,#1212,.T.);
#1567=ORIENTED_EDGE('',*,*,#1172,.F.);
#1568=ORIENTED_EDGE('',*,*,#1213,.T.);
#1569=ORIENTED_EDGE('',*,*,#1214,.F.);
#1570=ORIENTED_EDGE('',*,*,#1160,.F.);
#1571=ORIENTED_EDGE('',*,*,#1157,.F.);
#1572=ORIENTED_EDGE('',*,*,#1153,.F.);
#1573=ORIENTED_EDGE('',*,*,#1209,.F.);
#1574=ORIENTED_EDGE('',*,*,#1181,.F.);
#1575=ORIENTED_EDGE('',*,*,#1182,.F.);
#1576=ORIENTED_EDGE('',*,*,#1186,.F.);
#1577=ORIENTED_EDGE('',*,*,#1215,.F.);
#1578=ORIENTED_EDGE('',*,*,#1216,.F.);
#1579=ORIENTED_EDGE('',*,*,#1210,.F.);
#1580=ORIENTED_EDGE('',*,*,#1191,.F.);
#1581=ORIENTED_EDGE('',*,*,#1185,.T.);
#1582=ORIENTED_EDGE('',*,*,#1149,.T.);
#1583=ORIENTED_EDGE('',*,*,#1217,.T.);
#1584=ORIENTED_EDGE('',*,*,#1215,.T.);
#1585=ORIENTED_EDGE('',*,*,#1194,.F.);
#1586=ORIENTED_EDGE('',*,*,#1214,.T.);
#1587=ORIENTED_EDGE('',*,*,#1218,.F.);
#1588=ORIENTED_EDGE('',*,*,#1219,.F.);
#1589=ORIENTED_EDGE('',*,*,#1213,.F.);
#1590=ORIENTED_EDGE('',*,*,#1175,.F.);
#1591=ORIENTED_EDGE('',*,*,#1220,.F.);
#1592=ORIENTED_EDGE('',*,*,#1143,.F.);
#1593=ORIENTED_EDGE('',*,*,#1139,.F.);
#1594=ORIENTED_EDGE('',*,*,#1169,.F.);
#1595=ORIENTED_EDGE('',*,*,#1212,.F.);
#1596=ORIENTED_EDGE('',*,*,#1138,.F.);
#1597=ORIENTED_EDGE('',*,*,#1163,.F.);
#1598=ORIENTED_EDGE('',*,*,#1167,.F.);
#1599=ORIENTED_EDGE('',*,*,#1166,.T.);
#1600=ORIENTED_EDGE('',*,*,#1111,.T.);
#1601=ORIENTED_EDGE('',*,*,#1221,.T.);
#1602=ORIENTED_EDGE('',*,*,#1218,.T.);
#1603=ORIENTED_EDGE('',*,*,#1146,.F.);
#1604=ORIENTED_EDGE('',*,*,#1220,.T.);
#1605=ORIENTED_EDGE('',*,*,#1189,.F.);
#1606=ORIENTED_EDGE('',*,*,#1155,.F.);
#1607=ORIENTED_EDGE('',*,*,#1159,.F.);
#1608=ORIENTED_EDGE('',*,*,#1162,.F.);
#1609=ORIENTED_EDGE('',*,*,#1195,.F.);
#1610=ORIENTED_EDGE('',*,*,#1192,.F.);
#1611=ORIENTED_EDGE('',*,*,#1170,.F.);
#1612=ORIENTED_EDGE('',*,*,#1141,.F.);
#1613=ORIENTED_EDGE('',*,*,#1145,.F.);
#1614=ORIENTED_EDGE('',*,*,#1148,.F.);
#1615=ORIENTED_EDGE('',*,*,#1176,.F.);
#1616=ORIENTED_EDGE('',*,*,#1173,.F.);
#1617=ORIENTED_EDGE('',*,*,#1222,.F.);
#1618=ORIENTED_EDGE('',*,*,#1178,.T.);
#1619=ORIENTED_EDGE('',*,*,#1208,.F.);
#1620=ORIENTED_EDGE('',*,*,#1223,.T.);
#1621=ORIENTED_EDGE('',*,*,#1097,.F.);
#1622=ORIENTED_EDGE('',*,*,#1224,.T.);
#1623=ORIENTED_EDGE('',*,*,#1225,.F.);
#1624=ORIENTED_EDGE('',*,*,#1226,.F.);
#1625=ORIENTED_EDGE('',*,*,#1227,.F.);
#1626=ORIENTED_EDGE('',*,*,#1108,.F.);
#1627=ORIENTED_EDGE('',*,*,#1228,.F.);
#1628=ORIENTED_EDGE('',*,*,#1128,.T.);
#1629=ORIENTED_EDGE('',*,*,#1229,.F.);
#1630=ORIENTED_EDGE('',*,*,#1230,.T.);
#1631=ORIENTED_EDGE('',*,*,#1095,.F.);
#1632=ORIENTED_EDGE('',*,*,#1101,.F.);
#1633=ORIENTED_EDGE('',*,*,#1231,.F.);
#1634=ORIENTED_EDGE('',*,*,#1224,.F.);
#1635=ORIENTED_EDGE('',*,*,#1096,.F.);
#1636=ORIENTED_EDGE('',*,*,#1230,.F.);
#1637=ORIENTED_EDGE('',*,*,#1226,.T.);
#1638=ORIENTED_EDGE('',*,*,#1232,.F.);
#1639=ORIENTED_EDGE('',*,*,#1233,.F.);
#1640=ORIENTED_EDGE('',*,*,#1234,.F.);
#1641=ORIENTED_EDGE('',*,*,#1235,.F.);
#1642=ORIENTED_EDGE('',*,*,#1236,.F.);
#1643=ORIENTED_EDGE('',*,*,#1237,.F.);
#1644=ORIENTED_EDGE('',*,*,#1238,.T.);
#1645=ORIENTED_EDGE('',*,*,#1239,.T.);
#1646=ORIENTED_EDGE('',*,*,#1240,.F.);
#1647=ORIENTED_EDGE('',*,*,#1239,.F.);
#1648=ORIENTED_EDGE('',*,*,#1241,.T.);
#1649=ORIENTED_EDGE('',*,*,#1242,.T.);
#1650=ORIENTED_EDGE('',*,*,#1243,.F.);
#1651=ORIENTED_EDGE('',*,*,#1242,.F.);
#1652=ORIENTED_EDGE('',*,*,#1244,.T.);
#1653=ORIENTED_EDGE('',*,*,#1245,.F.);
#1654=ORIENTED_EDGE('',*,*,#1244,.F.);
#1655=ORIENTED_EDGE('',*,*,#1241,.F.);
#1656=ORIENTED_EDGE('',*,*,#1238,.F.);
#1657=ORIENTED_EDGE('',*,*,#1246,.F.);
#1658=ORIENTED_EDGE('',*,*,#1247,.F.);
#1659=ORIENTED_EDGE('',*,*,#1248,.F.);
#1660=ORIENTED_EDGE('',*,*,#1249,.F.);
#1661=ORIENTED_EDGE('',*,*,#1247,.T.);
#1662=ORIENTED_EDGE('',*,*,#1250,.T.);
#1663=ORIENTED_EDGE('',*,*,#1251,.F.);
#1664=ORIENTED_EDGE('',*,*,#1250,.F.);
#1665=ORIENTED_EDGE('',*,*,#1246,.T.);
#1666=ORIENTED_EDGE('',*,*,#1237,.T.);
#1667=ORIENTED_EDGE('',*,*,#1252,.F.);
#1668=ORIENTED_EDGE('',*,*,#1253,.F.);
#1669=ORIENTED_EDGE('',*,*,#1254,.T.);
#1670=ORIENTED_EDGE('',*,*,#1255,.T.);
#1671=ORIENTED_EDGE('',*,*,#1256,.F.);
#1672=ORIENTED_EDGE('',*,*,#1255,.F.);
#1673=ORIENTED_EDGE('',*,*,#1257,.T.);
#1674=ORIENTED_EDGE('',*,*,#1258,.T.);
#1675=ORIENTED_EDGE('',*,*,#1259,.F.);
#1676=ORIENTED_EDGE('',*,*,#1258,.F.);
#1677=ORIENTED_EDGE('',*,*,#1260,.T.);
#1678=ORIENTED_EDGE('',*,*,#1261,.F.);
#1679=ORIENTED_EDGE('',*,*,#1260,.F.);
#1680=ORIENTED_EDGE('',*,*,#1257,.F.);
#1681=ORIENTED_EDGE('',*,*,#1254,.F.);
#1682=ORIENTED_EDGE('',*,*,#1262,.F.);
#1683=ORIENTED_EDGE('',*,*,#1263,.F.);
#1684=ORIENTED_EDGE('',*,*,#1264,.F.);
#1685=ORIENTED_EDGE('',*,*,#1265,.F.);
#1686=ORIENTED_EDGE('',*,*,#1263,.T.);
#1687=ORIENTED_EDGE('',*,*,#1266,.T.);
#1688=ORIENTED_EDGE('',*,*,#1267,.F.);
#1689=ORIENTED_EDGE('',*,*,#1266,.F.);
#1690=ORIENTED_EDGE('',*,*,#1262,.T.);
#1691=ORIENTED_EDGE('',*,*,#1253,.T.);
#1692=ORIENTED_EDGE('',*,*,#1264,.T.);
#1693=ORIENTED_EDGE('',*,*,#1268,.T.);
#1694=ORIENTED_EDGE('',*,*,#1103,.F.);
#1695=ORIENTED_EDGE('',*,*,#1268,.F.);
#1696=ORIENTED_EDGE('',*,*,#1248,.T.);
#1697=ORIENTED_EDGE('',*,*,#1269,.T.);
#1698=ORIENTED_EDGE('',*,*,#1102,.F.);
#1699=ORIENTED_EDGE('',*,*,#1269,.F.);
#1700=ORIENTED_EDGE('',*,*,#1229,.T.);
#1701=ORIENTED_EDGE('',*,*,#1100,.T.);
#1702=ORIENTED_EDGE('',*,*,#1087,.F.);
#1703=ORIENTED_EDGE('',*,*,#1091,.T.);
#1704=ORIENTED_EDGE('',*,*,#1126,.T.);
#1705=ORIENTED_EDGE('',*,*,#1127,.T.);
#1706=ORIENTED_EDGE('',*,*,#1228,.T.);
#1707=ORIENTED_EDGE('',*,*,#1107,.T.);
#1708=ORIENTED_EDGE('',*,*,#1270,.F.);
#1709=ORIENTED_EDGE('',*,*,#1232,.T.);
#1710=ORIENTED_EDGE('',*,*,#1225,.T.);
#1711=ORIENTED_EDGE('',*,*,#1231,.T.);
#1712=ORIENTED_EDGE('',*,*,#1118,.T.);
#1713=ORIENTED_EDGE('',*,*,#1113,.T.);
#1714=ORIENTED_EDGE('',*,*,#1115,.T.);
#1715=ORIENTED_EDGE('',*,*,#1124,.T.);
#1716=ORIENTED_EDGE('',*,*,#1119,.T.);
#1717=ORIENTED_EDGE('',*,*,#1121,.T.);
#1718=ORIENTED_EDGE('',*,*,#1245,.T.);
#1719=ORIENTED_EDGE('',*,*,#1249,.T.);
#1720=ORIENTED_EDGE('',*,*,#1251,.T.);
#1721=ORIENTED_EDGE('',*,*,#1236,.T.);
#1722=ORIENTED_EDGE('',*,*,#1240,.T.);
#1723=ORIENTED_EDGE('',*,*,#1243,.T.);
#1724=ORIENTED_EDGE('',*,*,#1261,.T.);
#1725=ORIENTED_EDGE('',*,*,#1265,.T.);
#1726=ORIENTED_EDGE('',*,*,#1267,.T.);
#1727=ORIENTED_EDGE('',*,*,#1252,.T.);
#1728=ORIENTED_EDGE('',*,*,#1256,.T.);
#1729=ORIENTED_EDGE('',*,*,#1259,.T.);
#1730=ORIENTED_EDGE('',*,*,#1271,.T.);
#1731=ORIENTED_EDGE('',*,*,#1272,.F.);
#1732=ORIENTED_EDGE('',*,*,#1200,.T.);
#1733=ORIENTED_EDGE('',*,*,#1204,.T.);
#1734=ORIENTED_EDGE('',*,*,#1273,.T.);
#1735=ORIENTED_EDGE('',*,*,#1274,.F.);
#1736=ORIENTED_EDGE('',*,*,#1275,.F.);
#1737=ORIENTED_EDGE('',*,*,#1276,.F.);
#1738=ORIENTED_EDGE('',*,*,#1271,.F.);
#1739=ORIENTED_EDGE('',*,*,#1273,.F.);
#1740=ORIENTED_EDGE('',*,*,#1206,.T.);
#1741=ORIENTED_EDGE('',*,*,#1277,.F.);
#1742=ORIENTED_EDGE('',*,*,#1223,.F.);
#1743=ORIENTED_EDGE('',*,*,#1207,.F.);
#1744=ORIENTED_EDGE('',*,*,#1216,.T.);
#1745=ORIENTED_EDGE('',*,*,#1217,.F.);
#1746=ORIENTED_EDGE('',*,*,#1152,.T.);
#1747=ORIENTED_EDGE('',*,*,#1278,.F.);
#1748=ORIENTED_EDGE('',*,*,#1132,.T.);
#1749=ORIENTED_EDGE('',*,*,#1211,.F.);
#1750=ORIENTED_EDGE('',*,*,#1219,.T.);
#1751=ORIENTED_EDGE('',*,*,#1221,.F.);
#1752=ORIENTED_EDGE('',*,*,#1110,.F.);
#1753=ORIENTED_EDGE('',*,*,#1279,.F.);
#1754=ORIENTED_EDGE('',*,*,#1280,.T.);
#1755=ORIENTED_EDGE('',*,*,#1281,.F.);
#1756=ORIENTED_EDGE('',*,*,#1282,.T.);
#1757=ORIENTED_EDGE('',*,*,#1283,.F.);
#1758=ORIENTED_EDGE('',*,*,#1284,.T.);
#1759=ORIENTED_EDGE('',*,*,#1285,.F.);
#1760=ORIENTED_EDGE('',*,*,#1286,.T.);
#1761=ORIENTED_EDGE('',*,*,#1277,.T.);
#1762=ORIENTED_EDGE('',*,*,#1286,.F.);
#1763=ORIENTED_EDGE('',*,*,#1287,.F.);
#1764=ORIENTED_EDGE('',*,*,#1288,.T.);
#1765=ORIENTED_EDGE('',*,*,#1289,.F.);
#1766=ORIENTED_EDGE('',*,*,#1290,.T.);
#1767=ORIENTED_EDGE('',*,*,#1291,.F.);
#1768=ORIENTED_EDGE('',*,*,#1292,.T.);
#1769=ORIENTED_EDGE('',*,*,#1293,.F.);
#1770=ORIENTED_EDGE('',*,*,#1272,.T.);
#1771=ORIENTED_EDGE('',*,*,#1294,.T.);
#1772=ORIENTED_EDGE('',*,*,#1295,.T.);
#1773=ORIENTED_EDGE('',*,*,#1296,.T.);
#1774=ORIENTED_EDGE('',*,*,#1270,.T.);
#1775=ORIENTED_EDGE('',*,*,#1106,.T.);
#1776=ORIENTED_EDGE('',*,*,#1297,.T.);
#1777=ORIENTED_EDGE('',*,*,#1233,.T.);
#1778=ORIENTED_EDGE('',*,*,#1274,.T.);
#1779=ORIENTED_EDGE('',*,*,#1205,.T.);
#1780=ORIENTED_EDGE('',*,*,#1202,.T.);
#1781=ORIENTED_EDGE('',*,*,#1198,.T.);
#1782=ORIENTED_EDGE('',*,*,#1298,.T.);
#1783=ORIENTED_EDGE('',*,*,#1299,.T.);
#1784=ORIENTED_EDGE('',*,*,#1300,.T.);
#1785=ORIENTED_EDGE('',*,*,#1301,.T.);
#1786=ORIENTED_EDGE('',*,*,#1222,.T.);
#1787=ORIENTED_EDGE('',*,*,#1293,.T.);
#1788=ORIENTED_EDGE('',*,*,#1302,.T.);
#1789=ORIENTED_EDGE('',*,*,#1303,.T.);
#1790=ORIENTED_EDGE('',*,*,#1304,.T.);
#1791=ORIENTED_EDGE('',*,*,#1305,.T.);
#1792=ORIENTED_EDGE('',*,*,#1306,.T.);
#1793=ORIENTED_EDGE('',*,*,#1287,.T.);
#1794=ORIENTED_EDGE('',*,*,#1285,.T.);
#1795=ORIENTED_EDGE('',*,*,#1307,.T.);
#1796=ORIENTED_EDGE('',*,*,#1308,.T.);
#1797=ORIENTED_EDGE('',*,*,#1309,.T.);
#1798=ORIENTED_EDGE('',*,*,#1310,.T.);
#1799=ORIENTED_EDGE('',*,*,#1311,.T.);
#1800=ORIENTED_EDGE('',*,*,#1279,.T.);
#1801=ORIENTED_EDGE('',*,*,#1109,.T.);
#1802=ORIENTED_EDGE('',*,*,#1168,.T.);
#1803=ORIENTED_EDGE('',*,*,#1164,.T.);
#1804=ORIENTED_EDGE('',*,*,#1136,.T.);
#1805=ORIENTED_EDGE('',*,*,#1133,.T.);
#1806=ORIENTED_EDGE('',*,*,#1278,.T.);
#1807=ORIENTED_EDGE('',*,*,#1151,.T.);
#1808=ORIENTED_EDGE('',*,*,#1187,.T.);
#1809=ORIENTED_EDGE('',*,*,#1183,.T.);
#1810=ORIENTED_EDGE('',*,*,#1179,.T.);
#1811=ORIENTED_EDGE('',*,*,#1105,.T.);
#1812=ORIENTED_EDGE('',*,*,#1312,.F.);
#1813=ORIENTED_EDGE('',*,*,#1234,.T.);
#1814=ORIENTED_EDGE('',*,*,#1297,.F.);
#1815=ORIENTED_EDGE('',*,*,#1104,.T.);
#1816=ORIENTED_EDGE('',*,*,#1227,.T.);
#1817=ORIENTED_EDGE('',*,*,#1235,.T.);
#1818=ORIENTED_EDGE('',*,*,#1312,.T.);
#1819=ORIENTED_EDGE('',*,*,#1313,.F.);
#1820=ORIENTED_EDGE('',*,*,#1314,.F.);
#1821=ORIENTED_EDGE('',*,*,#1315,.F.);
#1822=ORIENTED_EDGE('',*,*,#1316,.F.);
#1823=ORIENTED_EDGE('',*,*,#1317,.F.);
#1824=ORIENTED_EDGE('',*,*,#1318,.F.);
#1825=ORIENTED_EDGE('',*,*,#1319,.F.);
#1826=ORIENTED_EDGE('',*,*,#1320,.F.);
#1827=ORIENTED_EDGE('',*,*,#1321,.F.);
#1828=ORIENTED_EDGE('',*,*,#1322,.F.);
#1829=ORIENTED_EDGE('',*,*,#1323,.F.);
#1830=ORIENTED_EDGE('',*,*,#1324,.F.);
#1831=ORIENTED_EDGE('',*,*,#1289,.T.);
#1832=ORIENTED_EDGE('',*,*,#1325,.T.);
#1833=ORIENTED_EDGE('',*,*,#1326,.T.);
#1834=ORIENTED_EDGE('',*,*,#1327,.T.);
#1835=ORIENTED_EDGE('',*,*,#1328,.F.);
#1836=ORIENTED_EDGE('',*,*,#1329,.T.);
#1837=ORIENTED_EDGE('',*,*,#1327,.F.);
#1838=ORIENTED_EDGE('',*,*,#1330,.F.);
#1839=ORIENTED_EDGE('',*,*,#1331,.F.);
#1840=ORIENTED_EDGE('',*,*,#1332,.F.);
#1841=ORIENTED_EDGE('',*,*,#1333,.F.);
#1842=ORIENTED_EDGE('',*,*,#1334,.F.);
#1843=ORIENTED_EDGE('',*,*,#1335,.F.);
#1844=ORIENTED_EDGE('',*,*,#1336,.F.);
#1845=ORIENTED_EDGE('',*,*,#1329,.F.);
#1846=ORIENTED_EDGE('',*,*,#1337,.F.);
#1847=ORIENTED_EDGE('',*,*,#1338,.F.);
#1848=ORIENTED_EDGE('',*,*,#1290,.F.);
#1849=ORIENTED_EDGE('',*,*,#1339,.T.);
#1850=ORIENTED_EDGE('',*,*,#1340,.T.);
#1851=ORIENTED_EDGE('',*,*,#1283,.T.);
#1852=ORIENTED_EDGE('',*,*,#1341,.T.);
#1853=ORIENTED_EDGE('',*,*,#1342,.F.);
#1854=ORIENTED_EDGE('',*,*,#1343,.T.);
#1855=ORIENTED_EDGE('',*,*,#1341,.F.);
#1856=ORIENTED_EDGE('',*,*,#1282,.F.);
#1857=ORIENTED_EDGE('',*,*,#1344,.F.);
#1858=ORIENTED_EDGE('',*,*,#1345,.F.);
#1859=ORIENTED_EDGE('',*,*,#1343,.F.);
#1860=ORIENTED_EDGE('',*,*,#1346,.F.);
#1861=ORIENTED_EDGE('',*,*,#1347,.F.);
#1862=ORIENTED_EDGE('',*,*,#1348,.F.);
#1863=ORIENTED_EDGE('',*,*,#1349,.F.);
#1864=ORIENTED_EDGE('',*,*,#1350,.F.);
#1865=ORIENTED_EDGE('',*,*,#1351,.F.);
#1866=ORIENTED_EDGE('',*,*,#1352,.F.);
#1867=ORIENTED_EDGE('',*,*,#1281,.T.);
#1868=ORIENTED_EDGE('',*,*,#1353,.T.);
#1869=ORIENTED_EDGE('',*,*,#1354,.T.);
#1870=ORIENTED_EDGE('',*,*,#1349,.T.);
#1871=ORIENTED_EDGE('',*,*,#1355,.F.);
#1872=ORIENTED_EDGE('',*,*,#1344,.T.);
#1873=ORIENTED_EDGE('',*,*,#1356,.T.);
#1874=ORIENTED_EDGE('',*,*,#1357,.T.);
#1875=ORIENTED_EDGE('',*,*,#1291,.T.);
#1876=ORIENTED_EDGE('',*,*,#1338,.T.);
#1877=ORIENTED_EDGE('',*,*,#1358,.F.);
#1878=ORIENTED_EDGE('',*,*,#1333,.T.);
#1879=ORIENTED_EDGE('',*,*,#1357,.F.);
#1880=ORIENTED_EDGE('',*,*,#1359,.F.);
#1881=ORIENTED_EDGE('',*,*,#1302,.F.);
#1882=ORIENTED_EDGE('',*,*,#1292,.F.);
#1883=ORIENTED_EDGE('',*,*,#1360,.F.);
#1884=ORIENTED_EDGE('',*,*,#1361,.T.);
#1885=ORIENTED_EDGE('',*,*,#1299,.F.);
#1886=ORIENTED_EDGE('',*,*,#1362,.F.);
#1887=ORIENTED_EDGE('',*,*,#1363,.F.);
#1888=ORIENTED_EDGE('',*,*,#1364,.F.);
#1889=ORIENTED_EDGE('',*,*,#1365,.T.);
#1890=ORIENTED_EDGE('',*,*,#1300,.F.);
#1891=ORIENTED_EDGE('',*,*,#1361,.F.);
#1892=ORIENTED_EDGE('',*,*,#1360,.T.);
#1893=ORIENTED_EDGE('',*,*,#1366,.T.);
#1894=ORIENTED_EDGE('',*,*,#1295,.F.);
#1895=ORIENTED_EDGE('',*,*,#1363,.T.);
#1896=ORIENTED_EDGE('',*,*,#1367,.F.);
#1897=ORIENTED_EDGE('',*,*,#1275,.T.);
#1898=ORIENTED_EDGE('',*,*,#1301,.F.);
#1899=ORIENTED_EDGE('',*,*,#1365,.F.);
#1900=ORIENTED_EDGE('',*,*,#1364,.T.);
#1901=ORIENTED_EDGE('',*,*,#1294,.F.);
#1902=ORIENTED_EDGE('',*,*,#1276,.T.);
#1903=ORIENTED_EDGE('',*,*,#1367,.T.);
#1904=ORIENTED_EDGE('',*,*,#1368,.F.);
#1905=ORIENTED_EDGE('',*,*,#1366,.F.);
#1906=ORIENTED_EDGE('',*,*,#1362,.T.);
#1907=ORIENTED_EDGE('',*,*,#1298,.F.);
#1908=ORIENTED_EDGE('',*,*,#1197,.F.);
#1909=ORIENTED_EDGE('',*,*,#1369,.F.);
#1910=ORIENTED_EDGE('',*,*,#1296,.F.);
#1911=ORIENTED_EDGE('',*,*,#1368,.T.);
#1912=ORIENTED_EDGE('',*,*,#1369,.T.);
#1913=ORIENTED_EDGE('',*,*,#1196,.T.);
#1914=ORIENTED_EDGE('',*,*,#1201,.T.);
#1915=ORIENTED_EDGE('',*,*,#1342,.T.);
#1916=ORIENTED_EDGE('',*,*,#1370,.F.);
#1917=ORIENTED_EDGE('',*,*,#1323,.T.);
#1918=ORIENTED_EDGE('',*,*,#1371,.T.);
#1919=ORIENTED_EDGE('',*,*,#1345,.T.);
#1920=ORIENTED_EDGE('',*,*,#1372,.F.);
#1921=ORIENTED_EDGE('',*,*,#1324,.T.);
#1922=ORIENTED_EDGE('',*,*,#1370,.T.);
#1923=ORIENTED_EDGE('',*,*,#1355,.T.);
#1924=ORIENTED_EDGE('',*,*,#1373,.T.);
#1925=ORIENTED_EDGE('',*,*,#1319,.T.);
#1926=ORIENTED_EDGE('',*,*,#1372,.T.);
#1927=ORIENTED_EDGE('',*,*,#1339,.F.);
#1928=ORIENTED_EDGE('',*,*,#1352,.T.);
#1929=ORIENTED_EDGE('',*,*,#1374,.F.);
#1930=ORIENTED_EDGE('',*,*,#1308,.F.);
#1931=ORIENTED_EDGE('',*,*,#1375,.T.);
#1932=ORIENTED_EDGE('',*,*,#1351,.T.);
#1933=ORIENTED_EDGE('',*,*,#1376,.F.);
#1934=ORIENTED_EDGE('',*,*,#1309,.F.);
#1935=ORIENTED_EDGE('',*,*,#1374,.T.);
#1936=ORIENTED_EDGE('',*,*,#1354,.F.);
#1937=ORIENTED_EDGE('',*,*,#1377,.F.);
#1938=ORIENTED_EDGE('',*,*,#1310,.F.);
#1939=ORIENTED_EDGE('',*,*,#1376,.T.);
#1940=ORIENTED_EDGE('',*,*,#1350,.T.);
#1941=ORIENTED_EDGE('',*,*,#1337,.T.);
#1942=ORIENTED_EDGE('',*,*,#1378,.F.);
#1943=ORIENTED_EDGE('',*,*,#1317,.T.);
#1944=ORIENTED_EDGE('',*,*,#1379,.T.);
#1945=ORIENTED_EDGE('',*,*,#1328,.T.);
#1946=ORIENTED_EDGE('',*,*,#1380,.F.);
#1947=ORIENTED_EDGE('',*,*,#1318,.T.);
#1948=ORIENTED_EDGE('',*,*,#1378,.T.);
#1949=ORIENTED_EDGE('',*,*,#1336,.T.);
#1950=ORIENTED_EDGE('',*,*,#1381,.T.);
#1951=ORIENTED_EDGE('',*,*,#1313,.T.);
#1952=ORIENTED_EDGE('',*,*,#1380,.T.);
#1953=ORIENTED_EDGE('',*,*,#1356,.F.);
#1954=ORIENTED_EDGE('',*,*,#1332,.T.);
#1955=ORIENTED_EDGE('',*,*,#1382,.F.);
#1956=ORIENTED_EDGE('',*,*,#1303,.F.);
#1957=ORIENTED_EDGE('',*,*,#1359,.T.);
#1958=ORIENTED_EDGE('',*,*,#1331,.T.);
#1959=ORIENTED_EDGE('',*,*,#1383,.F.);
#1960=ORIENTED_EDGE('',*,*,#1304,.F.);
#1961=ORIENTED_EDGE('',*,*,#1382,.T.);
#1962=ORIENTED_EDGE('',*,*,#1358,.T.);
#1963=ORIENTED_EDGE('',*,*,#1379,.F.);
#1964=ORIENTED_EDGE('',*,*,#1316,.T.);
#1965=ORIENTED_EDGE('',*,*,#1384,.T.);
#1966=ORIENTED_EDGE('',*,*,#1334,.T.);
#1967=ORIENTED_EDGE('',*,*,#1384,.F.);
#1968=ORIENTED_EDGE('',*,*,#1315,.T.);
#1969=ORIENTED_EDGE('',*,*,#1385,.T.);
#1970=ORIENTED_EDGE('',*,*,#1335,.T.);
#1971=ORIENTED_EDGE('',*,*,#1385,.F.);
#1972=ORIENTED_EDGE('',*,*,#1314,.T.);
#1973=ORIENTED_EDGE('',*,*,#1381,.F.);
#1974=ORIENTED_EDGE('',*,*,#1326,.F.);
#1975=ORIENTED_EDGE('',*,*,#1386,.F.);
#1976=ORIENTED_EDGE('',*,*,#1305,.F.);
#1977=ORIENTED_EDGE('',*,*,#1383,.T.);
#1978=ORIENTED_EDGE('',*,*,#1330,.T.);
#1979=ORIENTED_EDGE('',*,*,#1325,.F.);
#1980=ORIENTED_EDGE('',*,*,#1288,.F.);
#1981=ORIENTED_EDGE('',*,*,#1306,.F.);
#1982=ORIENTED_EDGE('',*,*,#1386,.T.);
#1983=ORIENTED_EDGE('',*,*,#1346,.T.);
#1984=ORIENTED_EDGE('',*,*,#1371,.F.);
#1985=ORIENTED_EDGE('',*,*,#1322,.T.);
#1986=ORIENTED_EDGE('',*,*,#1387,.T.);
#1987=ORIENTED_EDGE('',*,*,#1347,.T.);
#1988=ORIENTED_EDGE('',*,*,#1387,.F.);
#1989=ORIENTED_EDGE('',*,*,#1321,.T.);
#1990=ORIENTED_EDGE('',*,*,#1388,.T.);
#1991=ORIENTED_EDGE('',*,*,#1348,.T.);
#1992=ORIENTED_EDGE('',*,*,#1388,.F.);
#1993=ORIENTED_EDGE('',*,*,#1320,.T.);
#1994=ORIENTED_EDGE('',*,*,#1373,.F.);
#1995=ORIENTED_EDGE('',*,*,#1353,.F.);
#1996=ORIENTED_EDGE('',*,*,#1280,.F.);
#1997=ORIENTED_EDGE('',*,*,#1311,.F.);
#1998=ORIENTED_EDGE('',*,*,#1377,.T.);
#1999=ORIENTED_EDGE('',*,*,#1340,.F.);
#2000=ORIENTED_EDGE('',*,*,#1375,.F.);
#2001=ORIENTED_EDGE('',*,*,#1307,.F.);
#2002=ORIENTED_EDGE('',*,*,#1284,.F.);
#2003=CONICAL_SURFACE('',#2140,3.55355339059327,0.785398163397448);
#2004=CONICAL_SURFACE('',#2157,1.675,0.785398163397448);
#2005=CONICAL_SURFACE('',#2161,1.675,0.785398163397448);
#2006=CONICAL_SURFACE('',#2258,9.17,0.977384381116825);
#2007=CONICAL_SURFACE('',#2287,7.29011831451152,0.785398163397448);
#2008=CONICAL_SURFACE('',#2311,9.17,0.977384381116825);
#2009=CONICAL_SURFACE('',#2313,9.17,0.977384381116825);
#2010=CONICAL_SURFACE('',#2315,9.17,0.977384381116825);
#2011=ADVANCED_FACE('',(#562),#2003,.F.);
#2012=ADVANCED_FACE('',(#563),#481,.T.);
#2013=ADVANCED_FACE('',(#564,#67,#68),#482,.F.);
#2014=ADVANCED_FACE('',(#565),#41,.F.);
#2015=ADVANCED_FACE('',(#566,#69,#70),#483,.F.);
#2016=ADVANCED_FACE('',(#567),#484,.F.);
#2017=ADVANCED_FACE('',(#568),#485,.F.);
#2018=ADVANCED_FACE('',(#569),#2004,.F.);
#2019=ADVANCED_FACE('',(#570),#42,.F.);
#2020=ADVANCED_FACE('',(#571),#2005,.F.);
#2021=ADVANCED_FACE('',(#572),#43,.F.);
#2022=ADVANCED_FACE('',(#573),#486,.F.);
#2023=ADVANCED_FACE('',(#574),#487,.F.);
#2024=ADVANCED_FACE('',(#575),#44,.F.);
#2025=ADVANCED_FACE('',(#576),#45,.F.);
#2026=ADVANCED_FACE('',(#577),#488,.T.);
#2027=ADVANCED_FACE('',(#578),#489,.T.);
#2028=ADVANCED_FACE('',(#579),#46,.F.);
#2029=ADVANCED_FACE('',(#580),#490,.F.);
#2030=ADVANCED_FACE('',(#581),#491,.F.);
#2031=ADVANCED_FACE('',(#582),#492,.T.);
#2032=ADVANCED_FACE('',(#583),#493,.F.);
#2033=ADVANCED_FACE('',(#584),#47,.F.);
#2034=ADVANCED_FACE('',(#585),#494,.F.);
#2035=ADVANCED_FACE('',(#586),#48,.T.);
#2036=ADVANCED_FACE('',(#587),#495,.T.);
#2037=ADVANCED_FACE('',(#588),#496,.F.);
#2038=ADVANCED_FACE('',(#589),#497,.F.);
#2039=ADVANCED_FACE('',(#590),#49,.T.);
#2040=ADVANCED_FACE('',(#591),#498,.T.);
#2041=ADVANCED_FACE('',(#592),#50,.T.);
#2042=ADVANCED_FACE('',(#593),#499,.T.);
#2043=ADVANCED_FACE('',(#594),#500,.F.);
#2044=ADVANCED_FACE('',(#595),#51,.T.);
#2045=ADVANCED_FACE('',(#596),#501,.F.);
#2046=ADVANCED_FACE('',(#597),#52,.T.);
#2047=ADVANCED_FACE('',(#598),#502,.T.);
#2048=ADVANCED_FACE('',(#599),#53,.T.);
#2049=ADVANCED_FACE('',(#600),#503,.T.);
#2050=ADVANCED_FACE('',(#601),#504,.T.);
#2051=ADVANCED_FACE('',(#602),#505,.T.);
#2052=ADVANCED_FACE('',(#603),#506,.T.);
#2053=ADVANCED_FACE('',(#604),#507,.T.);
#2054=ADVANCED_FACE('',(#605),#508,.T.);
#2055=ADVANCED_FACE('',(#606),#509,.T.);
#2056=ADVANCED_FACE('',(#607),#510,.T.);
#2057=ADVANCED_FACE('',(#608),#511,.T.);
#2058=ADVANCED_FACE('',(#609),#512,.T.);
#2059=ADVANCED_FACE('',(#610),#513,.F.);
#2060=ADVANCED_FACE('',(#611),#514,.F.);
#2061=ADVANCED_FACE('',(#612),#515,.F.);
#2062=ADVANCED_FACE('',(#613),#516,.F.);
#2063=ADVANCED_FACE('',(#614),#517,.F.);
#2064=ADVANCED_FACE('',(#615),#518,.F.);
#2065=ADVANCED_FACE('',(#616),#519,.F.);
#2066=ADVANCED_FACE('',(#617),#520,.F.);
#2067=ADVANCED_FACE('',(#618,#71),#521,.T.);
#2068=ADVANCED_FACE('',(#619),#522,.F.);
#2069=ADVANCED_FACE('',(#620),#523,.F.);
#2070=ADVANCED_FACE('',(#621),#524,.F.);
#2071=ADVANCED_FACE('',(#622),#525,.F.);
#2072=ADVANCED_FACE('',(#623),#526,.F.);
#2073=ADVANCED_FACE('',(#624,#72),#527,.T.);
#2074=ADVANCED_FACE('',(#625),#528,.F.);
#2075=ADVANCED_FACE('',(#626),#529,.F.);
#2076=ADVANCED_FACE('',(#627),#54,.F.);
#2077=ADVANCED_FACE('',(#628),#55,.F.);
#2078=ADVANCED_FACE('',(#629,#73,#74,#75,#76),#56,.T.);
#2079=ADVANCED_FACE('',(#630),#2006,.T.);
#2080=ADVANCED_FACE('',(#631),#530,.T.);
#2081=ADVANCED_FACE('',(#632),#531,.T.);
#2082=ADVANCED_FACE('',(#633),#57,.F.);
#2083=ADVANCED_FACE('',(#634,#77),#532,.F.);
#2084=ADVANCED_FACE('',(#635,#78),#533,.T.);
#2085=ADVANCED_FACE('',(#636),#58,.T.);
#2086=ADVANCED_FACE('',(#637),#2007,.T.);
#2087=ADVANCED_FACE('',(#638),#534,.T.);
#2088=ADVANCED_FACE('',(#639),#535,.T.);
#2089=ADVANCED_FACE('',(#640),#536,.T.);
#2090=ADVANCED_FACE('',(#641),#537,.T.);
#2091=ADVANCED_FACE('',(#642),#538,.T.);
#2092=ADVANCED_FACE('',(#643),#539,.T.);
#2093=ADVANCED_FACE('',(#644),#540,.T.);
#2094=ADVANCED_FACE('',(#645),#541,.T.);
#2095=ADVANCED_FACE('',(#646),#542,.T.);
#2096=ADVANCED_FACE('',(#647),#543,.T.);
#2097=ADVANCED_FACE('',(#648),#544,.T.);
#2098=ADVANCED_FACE('',(#649),#59,.T.);
#2099=ADVANCED_FACE('',(#650),#545,.T.);
#2100=ADVANCED_FACE('',(#651),#2008,.T.);
#2101=ADVANCED_FACE('',(#652),#60,.T.);
#2102=ADVANCED_FACE('',(#653),#2009,.T.);
#2103=ADVANCED_FACE('',(#654),#546,.T.);
#2104=ADVANCED_FACE('',(#655),#2010,.T.);
#2105=ADVANCED_FACE('',(#656),#547,.F.);
#2106=ADVANCED_FACE('',(#657),#61,.T.);
#2107=ADVANCED_FACE('',(#658),#548,.F.);
#2108=ADVANCED_FACE('',(#659),#549,.T.);
#2109=ADVANCED_FACE('',(#660),#62,.T.);
#2110=ADVANCED_FACE('',(#661),#550,.T.);
#2111=ADVANCED_FACE('',(#662),#63,.T.);
#2112=ADVANCED_FACE('',(#663),#551,.F.);
#2113=ADVANCED_FACE('',(#664),#552,.F.);
#2114=ADVANCED_FACE('',(#665),#553,.T.);
#2115=ADVANCED_FACE('',(#666),#64,.T.);
#2116=ADVANCED_FACE('',(#667),#554,.F.);
#2117=ADVANCED_FACE('',(#668),#555,.F.);
#2118=ADVANCED_FACE('',(#669),#65,.F.);
#2119=ADVANCED_FACE('',(#670),#556,.T.);
#2120=ADVANCED_FACE('',(#671),#557,.T.);
#2121=ADVANCED_FACE('',(#672),#558,.F.);
#2122=ADVANCED_FACE('',(#673),#66,.F.);
#2123=ADVANCED_FACE('',(#674),#559,.F.);
#2124=ADVANCED_FACE('',(#675),#560,.T.);
#2125=ADVANCED_FACE('',(#676),#561,.T.);
#2126=CLOSED_SHELL('',(#2011,#2012,#2013,#2014,#2015,#2016,#2017,#2018,
#2019,#2020,#2021,#2022,#2023,#2024,#2025,#2026,#2027,#2028,#2029,#2030,
#2031,#2032,#2033,#2034,#2035,#2036,#2037,#2038,#2039,#2040,#2041,#2042,
#2043,#2044,#2045,#2046,#2047,#2048,#2049,#2050,#2051,#2052,#2053,#2054,
#2055,#2056,#2057,#2058,#2059,#2060,#2061,#2062,#2063,#2064,#2065,#2066,
#2067,#2068,#2069,#2070,#2071,#2072,#2073,#2074,#2075,#2076,#2077,#2078,
#2079,#2080,#2081,#2082,#2083,#2084,#2085,#2086,#2087,#2088,#2089,#2090,
#2091,#2092,#2093,#2094,#2095,#2096,#2097,#2098,#2099,#2100,#2101,#2102,
#2103,#2104,#2105,#2106,#2107,#2108,#2109,#2110,#2111,#2112,#2113,#2114,
#2115,#2116,#2117,#2118,#2119,#2120,#2121,#2122,#2123,#2124,#2125));
#2127=DERIVED_UNIT_ELEMENT(#2129,1.);
#2128=DERIVED_UNIT_ELEMENT(#3721,-3.);
#2129=(
MASS_UNIT()
NAMED_UNIT(*)
SI_UNIT(.KILO.,.GRAM.)
);
#2130=DERIVED_UNIT((#2127,#2128));
#2131=MEASURE_REPRESENTATION_ITEM('density measure',
POSITIVE_RATIO_MEASURE(7850.),#2130);
#2132=PROPERTY_DEFINITION_REPRESENTATION(#2137,#2134);
#2133=PROPERTY_DEFINITION_REPRESENTATION(#2138,#2135);
#2134=REPRESENTATION('material name',(#2136),#3718);
#2135=REPRESENTATION('density',(#2131),#3718);
#2136=DESCRIPTIVE_REPRESENTATION_ITEM('Steel','Steel');
#2137=PROPERTY_DEFINITION('material property','material name',#3728);
#2138=PROPERTY_DEFINITION('material property','density of part',#3728);
#2139=AXIS2_PLACEMENT_3D('',#2934,#2337,#2338);
#2140=AXIS2_PLACEMENT_3D('',#2935,#2339,#2340);
#2141=AXIS2_PLACEMENT_3D('',#2942,#2341,#2342);
#2142=AXIS2_PLACEMENT_3D('',#2948,#2343,#2344);
#2143=AXIS2_PLACEMENT_3D('',#2949,#2345,#2346);
#2144=AXIS2_PLACEMENT_3D('',#2953,#2348,#2349);
#2145=AXIS2_PLACEMENT_3D('',#2955,#2351,#2352);
#2146=AXIS2_PLACEMENT_3D('',#2962,#2356,#2357);
#2147=AXIS2_PLACEMENT_3D('',#2964,#2358,#2359);
#2148=AXIS2_PLACEMENT_3D('',#2965,#2360,#2361);
#2149=AXIS2_PLACEMENT_3D('',#2969,#2363,#2364);
#2150=AXIS2_PLACEMENT_3D('',#2973,#2366,#2367);
#2151=AXIS2_PLACEMENT_3D('',#2976,#2369,#2370);
#2152=AXIS2_PLACEMENT_3D('',#2977,#2371,#2372);
#2153=AXIS2_PLACEMENT_3D('',#2982,#2375,#2376);
#2154=AXIS2_PLACEMENT_3D('',#2984,#2377,#2378);
#2155=AXIS2_PLACEMENT_3D('',#2985,#2379,#2380);
#2156=AXIS2_PLACEMENT_3D('',#2998,#2385,#2386);
#2157=AXIS2_PLACEMENT_3D('',#3007,#2391,#2392);
#2158=AXIS2_PLACEMENT_3D('',#3017,#2393,#2394);
#2159=AXIS2_PLACEMENT_3D('',#3026,#2396,#2397);
#2160=AXIS2_PLACEMENT_3D('',#3027,#2398,#2399);
#2161=AXIS2_PLACEMENT_3D('',#3059,#2400,#2401);
#2162=AXIS2_PLACEMENT_3D('',#3069,#2402,#2403);
#2163=AXIS2_PLACEMENT_3D('',#3078,#2405,#2406);
#2164=AXIS2_PLACEMENT_3D('',#3079,#2407,#2408);
#2165=AXIS2_PLACEMENT_3D('',#3111,#2409,#2410);
#2166=AXIS2_PLACEMENT_3D('',#3114,#2412,#2413);
#2167=AXIS2_PLACEMENT_3D('',#3115,#2414,#2415);
#2168=AXIS2_PLACEMENT_3D('',#3119,#2418,#2419);
#2169=AXIS2_PLACEMENT_3D('',#3121,#2421,#2422);
#2170=AXIS2_PLACEMENT_3D('',#3123,#2424,#2425);
#2171=AXIS2_PLACEMENT_3D('',#3132,#2430,#2431);
#2172=AXIS2_PLACEMENT_3D('',#3140,#2436,#2437);
#2173=AXIS2_PLACEMENT_3D('',#3143,#2438,#2439);
#2174=AXIS2_PLACEMENT_3D('',#3147,#2441,#2442);
#2175=AXIS2_PLACEMENT_3D('',#3149,#2444,#2445);
#2176=AXIS2_PLACEMENT_3D('',#3155,#2449,#2450);
#2177=AXIS2_PLACEMENT_3D('',#3161,#2454,#2455);
#2178=AXIS2_PLACEMENT_3D('',#3170,#2460,#2461);
#2179=AXIS2_PLACEMENT_3D('',#3179,#2466,#2467);
#2180=AXIS2_PLACEMENT_3D('',#3181,#2468,#2469);
#2181=AXIS2_PLACEMENT_3D('',#3184,#2471,#2472);
#2182=AXIS2_PLACEMENT_3D('',#3185,#2473,#2474);
#2183=AXIS2_PLACEMENT_3D('',#3191,#2478,#2479);
#2184=AXIS2_PLACEMENT_3D('',#3193,#2480,#2481);
#2185=AXIS2_PLACEMENT_3D('',#3195,#2482,#2483);
#2186=AXIS2_PLACEMENT_3D('',#3197,#2485,#2486);
#2187=AXIS2_PLACEMENT_3D('',#3202,#2490,#2491);
#2188=AXIS2_PLACEMENT_3D('',#3208,#2495,#2496);
#2189=AXIS2_PLACEMENT_3D('',#3214,#2500,#2501);
#2190=AXIS2_PLACEMENT_3D('',#3215,#2502,#2503);
#2191=AXIS2_PLACEMENT_3D('',#3216,#2504,#2505);
#2192=AXIS2_PLACEMENT_3D('',#3217,#2506,#2507);
#2193=AXIS2_PLACEMENT_3D('',#3228,#2513,#2514);
#2194=AXIS2_PLACEMENT_3D('',#3230,#2515,#2516);
#2195=AXIS2_PLACEMENT_3D('',#3232,#2517,#2518);
#2196=AXIS2_PLACEMENT_3D('',#3234,#2520,#2521);
#2197=AXIS2_PLACEMENT_3D('',#3239,#2525,#2526);
#2198=AXIS2_PLACEMENT_3D('',#3245,#2530,#2531);
#2199=AXIS2_PLACEMENT_3D('',#3247,#2532,#2533);
#2200=AXIS2_PLACEMENT_3D('',#3249,#2534,#2535);
#2201=AXIS2_PLACEMENT_3D('',#3251,#2537,#2538);
#2202=AXIS2_PLACEMENT_3D('',#3254,#2541,#2542);
#2203=AXIS2_PLACEMENT_3D('',#3274,#2544,#2545);
#2204=AXIS2_PLACEMENT_3D('',#3276,#2547,#2548);
#2205=AXIS2_PLACEMENT_3D('',#3288,#2551,#2552);
#2206=AXIS2_PLACEMENT_3D('',#3305,#2553,#2554);
#2207=AXIS2_PLACEMENT_3D('',#3307,#2556,#2557);
#2208=AXIS2_PLACEMENT_3D('',#3310,#2558,#2559);
#2209=AXIS2_PLACEMENT_3D('',#3314,#2563,#2564);
#2210=AXIS2_PLACEMENT_3D('',#3316,#2565,#2566);
#2211=AXIS2_PLACEMENT_3D('',#3319,#2569,#2570);
#2212=AXIS2_PLACEMENT_3D('',#3321,#2572,#2573);
#2213=AXIS2_PLACEMENT_3D('',#3324,#2575,#2576);
#2214=AXIS2_PLACEMENT_3D('',#3325,#2577,#2578);
#2215=AXIS2_PLACEMENT_3D('',#3326,#2579,#2580);
#2216=AXIS2_PLACEMENT_3D('',#3327,#2581,#2582);
#2217=AXIS2_PLACEMENT_3D('',#3330,#2584,#2585);
#2218=AXIS2_PLACEMENT_3D('',#3331,#2586,#2587);
#2219=AXIS2_PLACEMENT_3D('',#3333,#2589,#2590);
#2220=AXIS2_PLACEMENT_3D('',#3334,#2591,#2592);
#2221=AXIS2_PLACEMENT_3D('',#3335,#2593,#2594);
#2222=AXIS2_PLACEMENT_3D('',#3336,#2595,#2596);
#2223=AXIS2_PLACEMENT_3D('',#3337,#2597,#2598);
#2224=AXIS2_PLACEMENT_3D('',#3341,#2601,#2602);
#2225=AXIS2_PLACEMENT_3D('',#3345,#2604,#2605);
#2226=AXIS2_PLACEMENT_3D('',#3348,#2607,#2608);
#2227=AXIS2_PLACEMENT_3D('',#3349,#2609,#2610);
#2228=AXIS2_PLACEMENT_3D('',#3350,#2611,#2612);
#2229=AXIS2_PLACEMENT_3D('',#3352,#2613,#2614);
#2230=AXIS2_PLACEMENT_3D('',#3354,#2616,#2617);
#2231=AXIS2_PLACEMENT_3D('',#3356,#2619,#2620);
#2232=AXIS2_PLACEMENT_3D('',#3366,#2624,#2625);
#2233=AXIS2_PLACEMENT_3D('',#3375,#2630,#2631);
#2234=AXIS2_PLACEMENT_3D('',#3377,#2632,#2633);
#2235=AXIS2_PLACEMENT_3D('',#3381,#2636,#2637);
#2236=AXIS2_PLACEMENT_3D('',#3383,#2638,#2639);
#2237=AXIS2_PLACEMENT_3D('',#3385,#2641,#2642);
#2238=AXIS2_PLACEMENT_3D('',#3392,#2646,#2647);
#2239=AXIS2_PLACEMENT_3D('',#3393,#2648,#2649);
#2240=AXIS2_PLACEMENT_3D('',#3395,#2650,#2651);
#2241=AXIS2_PLACEMENT_3D('',#3397,#2653,#2654);
#2242=AXIS2_PLACEMENT_3D('',#3398,#2655,#2656);
#2243=AXIS2_PLACEMENT_3D('',#3399,#2657,#2658);
#2244=AXIS2_PLACEMENT_3D('',#3408,#2663,#2664);
#2245=AXIS2_PLACEMENT_3D('',#3410,#2665,#2666);
#2246=AXIS2_PLACEMENT_3D('',#3414,#2669,#2670);
#2247=AXIS2_PLACEMENT_3D('',#3416,#2671,#2672);
#2248=AXIS2_PLACEMENT_3D('',#3418,#2674,#2675);
#2249=AXIS2_PLACEMENT_3D('',#3425,#2679,#2680);
#2250=AXIS2_PLACEMENT_3D('',#3426,#2681,#2682);
#2251=AXIS2_PLACEMENT_3D('',#3428,#2683,#2684);
#2252=AXIS2_PLACEMENT_3D('',#3430,#2686,#2687);
#2253=AXIS2_PLACEMENT_3D('',#3431,#2688,#2689);
#2254=AXIS2_PLACEMENT_3D('',#3432,#2690,#2691);
#2255=AXIS2_PLACEMENT_3D('',#3434,#2693,#2694);
#2256=AXIS2_PLACEMENT_3D('',#3436,#2696,#2697);
#2257=AXIS2_PLACEMENT_3D('',#3437,#2698,#2699);
#2258=AXIS2_PLACEMENT_3D('',#3438,#2700,#2701);
#2259=AXIS2_PLACEMENT_3D('',#3444,#2702,#2703);
#2260=AXIS2_PLACEMENT_3D('',#3448,#2704,#2705);
#2261=AXIS2_PLACEMENT_3D('',#3456,#2708,#2709);
#2262=AXIS2_PLACEMENT_3D('',#3458,#2710,#2711);
#2263=AXIS2_PLACEMENT_3D('',#3459,#2712,#2713);
#2264=AXIS2_PLACEMENT_3D('',#3460,#2714,#2715);
#2265=AXIS2_PLACEMENT_3D('',#3462,#2716,#2717);
#2266=AXIS2_PLACEMENT_3D('',#3466,#2719,#2720);
#2267=AXIS2_PLACEMENT_3D('',#3468,#2721,#2722);
#2268=AXIS2_PLACEMENT_3D('',#3470,#2723,#2724);
#2269=AXIS2_PLACEMENT_3D('',#3474,#2726,#2727);
#2270=AXIS2_PLACEMENT_3D('',#3477,#2729,#2730);
#2271=AXIS2_PLACEMENT_3D('',#3481,#2732,#2733);
#2272=AXIS2_PLACEMENT_3D('',#3483,#2734,#2735);
#2273=AXIS2_PLACEMENT_3D('',#3485,#2736,#2737);
#2274=AXIS2_PLACEMENT_3D('',#3488,#2739,#2740);
#2275=AXIS2_PLACEMENT_3D('',#3489,#2741,#2742);
#2276=AXIS2_PLACEMENT_3D('',#3491,#2743,#2744);
#2277=AXIS2_PLACEMENT_3D('',#3493,#2745,#2746);
#2278=AXIS2_PLACEMENT_3D('',#3494,#2747,#2748);
#2279=AXIS2_PLACEMENT_3D('',#3495,#2749,#2750);
#2280=AXIS2_PLACEMENT_3D('',#3496,#2751,#2752);
#2281=AXIS2_PLACEMENT_3D('',#3500,#2754,#2755);
#2282=AXIS2_PLACEMENT_3D('',#3503,#2757,#2758);
#2283=AXIS2_PLACEMENT_3D('',#3509,#2761,#2762);
#2284=AXIS2_PLACEMENT_3D('',#3518,#2767,#2768);
#2285=AXIS2_PLACEMENT_3D('',#3522,#2771,#2772);
#2286=AXIS2_PLACEMENT_3D('',#3523,#2773,#2774);
#2287=AXIS2_PLACEMENT_3D('',#3524,#2775,#2776);
#2288=AXIS2_PLACEMENT_3D('',#3525,#2777,#2778);
#2289=AXIS2_PLACEMENT_3D('',#3530,#2780,#2781);
#2290=AXIS2_PLACEMENT_3D('',#3536,#2784,#2785);
#2291=AXIS2_PLACEMENT_3D('',#3538,#2787,#2788);
#2292=AXIS2_PLACEMENT_3D('',#3545,#2791,#2792);
#2293=AXIS2_PLACEMENT_3D('',#3550,#2795,#2796);
#2294=AXIS2_PLACEMENT_3D('',#3551,#2797,#2798);
#2295=AXIS2_PLACEMENT_3D('',#3561,#2804,#2805);
#2296=AXIS2_PLACEMENT_3D('',#3565,#2807,#2808);
#2297=AXIS2_PLACEMENT_3D('',#3573,#2812,#2813);
#2298=AXIS2_PLACEMENT_3D('',#3575,#2815,#2816);
#2299=AXIS2_PLACEMENT_3D('',#3577,#2817,#2818);
#2300=AXIS2_PLACEMENT_3D('',#3579,#2820,#2821);
#2301=AXIS2_PLACEMENT_3D('',#3589,#2827,#2828);
#2302=AXIS2_PLACEMENT_3D('',#3592,#2830,#2831);
#2303=AXIS2_PLACEMENT_3D('',#3593,#2832,#2833);
#2304=AXIS2_PLACEMENT_3D('',#3597,#2835,#2836);
#2305=AXIS2_PLACEMENT_3D('',#3605,#2840,#2841);
#2306=AXIS2_PLACEMENT_3D('',#3607,#2843,#2844);
#2307=AXIS2_PLACEMENT_3D('',#3612,#2848,#2849);
#2308=AXIS2_PLACEMENT_3D('',#3617,#2853,#2854);
#2309=AXIS2_PLACEMENT_3D('',#3619,#2856,#2857);
#2310=AXIS2_PLACEMENT_3D('',#3638,#2860,#2861);
#2311=AXIS2_PLACEMENT_3D('',#3647,#2863,#2864);
#2312=AXIS2_PLACEMENT_3D('',#3651,#2865,#2866);
#2313=AXIS2_PLACEMENT_3D('',#3666,#2867,#2868);
#2314=AXIS2_PLACEMENT_3D('',#3667,#2869,#2870);
#2315=AXIS2_PLACEMENT_3D('',#3675,#2871,#2872);
#2316=AXIS2_PLACEMENT_3D('',#3676,#2873,#2874);
#2317=AXIS2_PLACEMENT_3D('',#3679,#2877,#2878);
#2318=AXIS2_PLACEMENT_3D('',#3681,#2880,#2881);
#2319=AXIS2_PLACEMENT_3D('',#3683,#2883,#2884);
#2320=AXIS2_PLACEMENT_3D('',#3686,#2887,#2888);
#2321=AXIS2_PLACEMENT_3D('',#3688,#2890,#2891);
#2322=AXIS2_PLACEMENT_3D('',#3690,#2893,#2894);
#2323=AXIS2_PLACEMENT_3D('',#3693,#2897,#2898);
#2324=AXIS2_PLACEMENT_3D('',#3695,#2900,#2901);
#2325=AXIS2_PLACEMENT_3D('',#3697,#2903,#2904);
#2326=AXIS2_PLACEMENT_3D('',#3699,#2906,#2907);
#2327=AXIS2_PLACEMENT_3D('',#3701,#2909,#2910);
#2328=AXIS2_PLACEMENT_3D('',#3703,#2912,#2913);
#2329=AXIS2_PLACEMENT_3D('',#3705,#2915,#2916);
#2330=AXIS2_PLACEMENT_3D('',#3706,#2917,#2918);
#2331=AXIS2_PLACEMENT_3D('',#3708,#2920,#2921);
#2332=AXIS2_PLACEMENT_3D('',#3709,#2922,#2923);
#2333=AXIS2_PLACEMENT_3D('',#3711,#2925,#2926);
#2334=AXIS2_PLACEMENT_3D('',#3713,#2928,#2929);
#2335=AXIS2_PLACEMENT_3D('',#3714,#2930,#2931);
#2336=AXIS2_PLACEMENT_3D('',#3715,#2932,#2933);
#2337=DIRECTION('axis',(0.,0.,1.));
#2338=DIRECTION('refdir',(1.,0.,0.));
#2339=DIRECTION('center_axis',(0.,0.,-1.));
#2340=DIRECTION('ref_axis',(1.53141303476149E-9,1.,0.));
#2341=DIRECTION('center_axis',(0.,0.,-1.));
#2342=DIRECTION('ref_axis',(1.,0.,0.));
#2343=DIRECTION('center_axis',(0.,0.,-1.));
#2344=DIRECTION('ref_axis',(1.,0.,0.));
#2345=DIRECTION('center_axis',(0.,0.,-1.));
#2346=DIRECTION('ref_axis',(1.,0.,0.));
#2347=DIRECTION('',(0.,-1.,0.));
#2348=DIRECTION('center_axis',(0.,0.,1.));
#2349=DIRECTION('ref_axis',(1.,0.,0.));
#2350=DIRECTION('',(0.,1.,0.));
#2351=DIRECTION('center_axis',(-1.,0.,0.));
#2352=DIRECTION('ref_axis',(0.,0.,-1.));
#2353=DIRECTION('',(0.,0.,-1.));
#2354=DIRECTION('',(0.,-1.,0.));
#2355=DIRECTION('',(0.,0.,1.));
#2356=DIRECTION('center_axis',(-1.,0.,0.));
#2357=DIRECTION('ref_axis',(0.,1.,0.));
#2358=DIRECTION('center_axis',(-1.,0.,0.));
#2359=DIRECTION('ref_axis',(0.,1.,0.));
#2360=DIRECTION('center_axis',(0.,0.,-1.));
#2361=DIRECTION('ref_axis',(2.52723867892927E-9,1.,0.));
#2362=DIRECTION('',(0.,0.,1.));
#2363=DIRECTION('center_axis',(0.,0.,1.));
#2364=DIRECTION('ref_axis',(1.,0.,0.));
#2365=DIRECTION('',(0.,0.,1.));
#2366=DIRECTION('center_axis',(0.,0.,-1.));
#2367=DIRECTION('ref_axis',(1.,0.,0.));
#2368=DIRECTION('',(0.,0.,-1.));
#2369=DIRECTION('center_axis',(0.,0.,1.));
#2370=DIRECTION('ref_axis',(1.,0.,0.));
#2371=DIRECTION('center_axis',(1.,0.,0.));
#2372=DIRECTION('ref_axis',(0.,0.,1.));
#2373=DIRECTION('',(0.,0.,-1.));
#2374=DIRECTION('',(0.,1.,0.));
#2375=DIRECTION('center_axis',(1.,0.,0.));
#2376=DIRECTION('ref_axis',(0.,1.,0.));
#2377=DIRECTION('center_axis',(1.,0.,0.));
#2378=DIRECTION('ref_axis',(0.,1.,0.));
#2379=DIRECTION('center_axis',(-1.,0.,0.));
#2380=DIRECTION('ref_axis',(0.,0.,-1.));
#2381=DIRECTION('',(0.,0.,1.));
#2382=DIRECTION('',(0.,1.,0.));
#2383=DIRECTION('',(0.,0.,1.));
#2384=DIRECTION('',(0.,1.,0.));
#2385=DIRECTION('center_axis',(-1.,0.,0.));
#2386=DIRECTION('ref_axis',(0.,0.,-1.));
#2387=DIRECTION('',(0.,-1.,0.));
#2388=DIRECTION('',(0.,0.,1.));
#2389=DIRECTION('',(0.,1.,0.));
#2390=DIRECTION('',(0.,0.,1.));
#2391=DIRECTION('center_axis',(-1.,0.,0.));
#2392=DIRECTION('ref_axis',(0.,1.,0.));
#2393=DIRECTION('center_axis',(-1.,0.,0.));
#2394=DIRECTION('ref_axis',(0.,1.,0.));
#2395=DIRECTION('',(0.707106781186548,0.707106781186547,-8.65956056235493E-17));
#2396=DIRECTION('center_axis',(-1.,0.,0.));
#2397=DIRECTION('ref_axis',(0.,1.,0.));
#2398=DIRECTION('center_axis',(-1.,0.,0.));
#2399=DIRECTION('ref_axis',(0.,1.,0.));
#2400=DIRECTION('center_axis',(-1.,0.,0.));
#2401=DIRECTION('ref_axis',(0.,1.,0.));
#2402=DIRECTION('center_axis',(-1.,0.,0.));
#2403=DIRECTION('ref_axis',(0.,1.,0.));
#2404=DIRECTION('',(0.707106781186548,0.707106781186547,-8.65956056235493E-17));
#2405=DIRECTION('center_axis',(-1.,0.,0.));
#2406=DIRECTION('ref_axis',(0.,1.,0.));
#2407=DIRECTION('center_axis',(-1.,0.,0.));
#2408=DIRECTION('ref_axis',(0.,1.,0.));
#2409=DIRECTION('center_axis',(0.,0.,-1.));
#2410=DIRECTION('ref_axis',(0.,1.,0.));
#2411=DIRECTION('',(0.,-1.,0.));
#2412=DIRECTION('center_axis',(0.,0.,-1.));
#2413=DIRECTION('ref_axis',(1.,0.,0.));
#2414=DIRECTION('center_axis',(-1.,0.,0.));
#2415=DIRECTION('ref_axis',(0.,0.,1.));
#2416=DIRECTION('',(0.,0.,1.));
#2417=DIRECTION('',(0.,1.,0.));
#2418=DIRECTION('center_axis',(-1.,0.,0.));
#2419=DIRECTION('ref_axis',(0.,1.,0.));
#2420=DIRECTION('',(-1.,0.,0.));
#2421=DIRECTION('center_axis',(-1.,0.,0.));
#2422=DIRECTION('ref_axis',(0.,1.,0.));
#2423=DIRECTION('',(-1.,0.,0.));
#2424=DIRECTION('center_axis',(0.,1.,0.));
#2425=DIRECTION('ref_axis',(-1.,0.,0.));
#2426=DIRECTION('',(-1.,0.,0.));
#2427=DIRECTION('',(0.,0.,1.));
#2428=DIRECTION('',(1.,0.,0.));
#2429=DIRECTION('',(0.,0.,1.));
#2430=DIRECTION('center_axis',(-1.,0.,0.));
#2431=DIRECTION('ref_axis',(0.,-1.,0.));
#2432=DIRECTION('',(0.,-0.707106781186548,0.707106781186547));
#2433=DIRECTION('',(0.,1.,0.));
#2434=DIRECTION('',(0.,0.,1.));
#2435=DIRECTION('',(0.,1.,0.));
#2436=DIRECTION('center_axis',(0.,0.,1.));
#2437=DIRECTION('ref_axis',(-1.,1.13985936819831E-16,0.));
#2438=DIRECTION('center_axis',(0.,0.,1.));
#2439=DIRECTION('ref_axis',(-1.,1.13985936819831E-16,0.));
#2440=DIRECTION('',(0.,0.,1.));
#2441=DIRECTION('center_axis',(0.,0.,-1.));
#2442=DIRECTION('ref_axis',(-1.,1.13985936819831E-16,0.));
#2443=DIRECTION('',(0.,0.,-1.));
#2444=DIRECTION('center_axis',(0.,-1.,0.));
#2445=DIRECTION('ref_axis',(1.,0.,0.));
#2446=DIRECTION('',(1.,0.,0.));
#2447=DIRECTION('',(0.,0.,-1.));
#2448=DIRECTION('',(-1.,0.,0.));
#2449=DIRECTION('center_axis',(1.,0.,0.));
#2450=DIRECTION('ref_axis',(0.,1.,0.));
#2451=DIRECTION('',(0.,1.,0.));
#2452=DIRECTION('',(0.,0.,-1.));
#2453=DIRECTION('',(0.,-1.,0.));
#2454=DIRECTION('center_axis',(0.,-1.,0.));
#2455=DIRECTION('ref_axis',(1.,0.,0.));
#2456=DIRECTION('',(1.,0.,0.));
#2457=DIRECTION('',(0.,0.,1.));
#2458=DIRECTION('',(-1.,0.,0.));
#2459=DIRECTION('',(0.,0.,-1.));
#2460=DIRECTION('center_axis',(0.,1.,0.));
#2461=DIRECTION('ref_axis',(-1.,0.,0.));
#2462=DIRECTION('',(-1.,0.,0.));
#2463=DIRECTION('',(0.,0.,1.));
#2464=DIRECTION('',(1.,0.,0.));
#2465=DIRECTION('',(0.,0.,-1.));
#2466=DIRECTION('center_axis',(0.,0.,1.));
#2467=DIRECTION('ref_axis',(-1.13985936819831E-16,1.,0.));
#2468=DIRECTION('center_axis',(0.,0.,1.));
#2469=DIRECTION('ref_axis',(-1.13985936819831E-16,1.,0.));
#2470=DIRECTION('',(0.,0.,1.));
#2471=DIRECTION('center_axis',(0.,0.,-1.));
#2472=DIRECTION('ref_axis',(-1.13985936819831E-16,1.,0.));
#2473=DIRECTION('center_axis',(-1.,0.,0.));
#2474=DIRECTION('ref_axis',(0.,-1.,0.));
#2475=DIRECTION('',(0.,-1.,0.));
#2476=DIRECTION('',(0.,0.,-1.));
#2477=DIRECTION('',(0.,1.,0.));
#2478=DIRECTION('center_axis',(0.,0.,1.));
#2479=DIRECTION('ref_axis',(-1.,1.13985936819831E-16,0.));
#2480=DIRECTION('center_axis',(0.,0.,-1.));
#2481=DIRECTION('ref_axis',(-1.,1.13985936819831E-16,0.));
#2482=DIRECTION('center_axis',(0.,0.,-1.));
#2483=DIRECTION('ref_axis',(-1.,1.13985936819831E-16,0.));
#2484=DIRECTION('',(0.,0.,1.));
#2485=DIRECTION('center_axis',(0.,-1.,0.));
#2486=DIRECTION('ref_axis',(1.,0.,0.));
#2487=DIRECTION('',(0.707106781186548,0.,-0.707106781186547));
#2488=DIRECTION('',(-1.,0.,0.));
#2489=DIRECTION('',(-1.,0.,0.));
#2490=DIRECTION('center_axis',(-1.,0.,0.));
#2491=DIRECTION('ref_axis',(0.,-1.,0.));
#2492=DIRECTION('',(0.,-1.,0.));
#2493=DIRECTION('',(0.,1.,0.));
#2494=DIRECTION('',(0.,0.,-1.));
#2495=DIRECTION('center_axis',(0.,1.,0.));
#2496=DIRECTION('ref_axis',(-1.,0.,0.));
#2497=DIRECTION('',(-1.,0.,0.));
#2498=DIRECTION('',(1.,0.,0.));
#2499=DIRECTION('',(0.,0.,-1.));
#2500=DIRECTION('center_axis',(0.,0.,1.));
#2501=DIRECTION('ref_axis',(-1.,0.,0.));
#2502=DIRECTION('center_axis',(0.,0.,-1.));
#2503=DIRECTION('ref_axis',(-1.,0.,0.));
#2504=DIRECTION('center_axis',(0.,0.,1.));
#2505=DIRECTION('ref_axis',(-1.,0.,0.));
#2506=DIRECTION('center_axis',(0.,1.,0.));
#2507=DIRECTION('ref_axis',(-1.,0.,0.));
#2508=DIRECTION('',(-0.707106781186548,0.,0.707106781186548));
#2509=DIRECTION('',(0.,0.,1.));
#2510=DIRECTION('',(1.,0.,0.));
#2511=DIRECTION('',(0.,0.,1.));
#2512=DIRECTION('',(1.,0.,0.));
#2513=DIRECTION('center_axis',(0.,0.,1.));
#2514=DIRECTION('ref_axis',(-1.13985936819831E-16,1.,0.));
#2515=DIRECTION('center_axis',(0.,0.,-1.));
#2516=DIRECTION('ref_axis',(-1.13985936819831E-16,1.,0.));
#2517=DIRECTION('center_axis',(0.,0.,-1.));
#2518=DIRECTION('ref_axis',(-1.13985936819831E-16,1.,0.));
#2519=DIRECTION('',(0.,0.,1.));
#2520=DIRECTION('center_axis',(-1.,0.,0.));
#2521=DIRECTION('ref_axis',(0.,-1.,0.));
#2522=DIRECTION('',(0.,-0.707106781186548,-0.707106781186547));
#2523=DIRECTION('',(0.,1.,0.));
#2524=DIRECTION('',(0.,1.,0.));
#2525=DIRECTION('center_axis',(1.,0.,0.));
#2526=DIRECTION('ref_axis',(0.,1.,0.));
#2527=DIRECTION('',(0.,1.,0.));
#2528=DIRECTION('',(0.,-1.,0.));
#2529=DIRECTION('',(0.,0.,-1.));
#2530=DIRECTION('center_axis',(0.,0.,1.));
#2531=DIRECTION('ref_axis',(-1.,0.,0.));
#2532=DIRECTION('center_axis',(0.,0.,-1.));
#2533=DIRECTION('ref_axis',(-1.,0.,0.));
#2534=DIRECTION('center_axis',(0.,0.,1.));
#2535=DIRECTION('ref_axis',(-1.,0.,0.));
#2536=DIRECTION('',(0.,0.,-1.));
#2537=DIRECTION('center_axis',(0.,-1.,0.));
#2538=DIRECTION('ref_axis',(1.,0.,0.));
#2539=DIRECTION('',(1.,0.,0.));
#2540=DIRECTION('',(-1.,0.,0.));
#2541=DIRECTION('center_axis',(0.,0.,1.));
#2542=DIRECTION('ref_axis',(-1.,0.,0.));
#2543=DIRECTION('',(0.,0.,1.));
#2544=DIRECTION('center_axis',(0.,0.,1.));
#2545=DIRECTION('ref_axis',(-1.,0.,0.));
#2546=DIRECTION('',(0.,0.,1.));
#2547=DIRECTION('center_axis',(-1.,1.72006384096855E-15,0.));
#2548=DIRECTION('ref_axis',(-1.72006384096855E-15,-1.,0.));
#2549=DIRECTION('',(-1.72006384096855E-15,-1.,0.));
#2550=DIRECTION('',(0.,0.,1.));
#2551=DIRECTION('center_axis',(0.,0.,1.));
#2552=DIRECTION('ref_axis',(0.,1.,0.));
#2553=DIRECTION('center_axis',(0.,0.,1.));
#2554=DIRECTION('ref_axis',(0.,1.,0.));
#2555=DIRECTION('',(0.,0.,1.));
#2556=DIRECTION('center_axis',(0.707106781186548,0.,0.707106781186548));
#2557=DIRECTION('ref_axis',(0.707106781186548,0.,-0.707106781186548));
#2558=DIRECTION('center_axis',(-0.707106781186548,0.,-0.707106781186548));
#2559=DIRECTION('ref_axis',(-0.707106781186548,0.,0.707106781186548));
#2560=DIRECTION('',(0.,1.,0.));
#2561=DIRECTION('',(0.,-1.,0.));
#2562=DIRECTION('',(0.,-1.,0.));
#2563=DIRECTION('center_axis',(0.,0.707106781186547,0.707106781186548));
#2564=DIRECTION('ref_axis',(1.,0.,0.));
#2565=DIRECTION('center_axis',(0.,-0.707106781186547,-0.707106781186548));
#2566=DIRECTION('ref_axis',(0.,-0.707106781186548,0.707106781186548));
#2567=DIRECTION('',(1.,0.,0.));
#2568=DIRECTION('',(1.,0.,0.));
#2569=DIRECTION('center_axis',(0.,0.,1.));
#2570=DIRECTION('ref_axis',(-1.,0.,0.));
#2571=DIRECTION('',(-1.,0.,0.));
#2572=DIRECTION('center_axis',(0.,0.,1.));
#2573=DIRECTION('ref_axis',(-1.,0.,0.));
#2574=DIRECTION('',(-1.,0.,0.));
#2575=DIRECTION('center_axis',(0.,0.,1.));
#2576=DIRECTION('ref_axis',(-1.,0.,0.));
#2577=DIRECTION('center_axis',(0.,-0.707106781186547,0.707106781186548));
#2578=DIRECTION('ref_axis',(1.,0.,0.));
#2579=DIRECTION('center_axis',(0.,0.707106781186547,-0.707106781186548));
#2580=DIRECTION('ref_axis',(0.,-0.707106781186548,-0.707106781186548));
#2581=DIRECTION('center_axis',(0.,0.,1.));
#2582=DIRECTION('ref_axis',(-1.,0.,0.));
#2583=DIRECTION('',(0.,-1.,0.));
#2584=DIRECTION('center_axis',(0.,0.,1.));
#2585=DIRECTION('ref_axis',(-1.,0.,0.));
#2586=DIRECTION('center_axis',(0.,0.,1.));
#2587=DIRECTION('ref_axis',(-1.,0.,0.));
#2588=DIRECTION('',(0.,-1.,0.));
#2589=DIRECTION('center_axis',(0.707106781186547,0.,0.707106781186548));
#2590=DIRECTION('ref_axis',(0.707106781186548,0.,-0.707106781186547));
#2591=DIRECTION('center_axis',(-0.707106781186547,0.,-0.707106781186548));
#2592=DIRECTION('ref_axis',(-0.707106781186548,0.,0.707106781186547));
#2593=DIRECTION('center_axis',(0.,0.,1.));
#2594=DIRECTION('ref_axis',(1.,0.,0.));
#2595=DIRECTION('center_axis',(0.,0.,1.));
#2596=DIRECTION('ref_axis',(1.,0.,0.));
#2597=DIRECTION('center_axis',(-1.,0.,0.));
#2598=DIRECTION('ref_axis',(0.,0.,-1.));
#2599=DIRECTION('',(0.,-1.,0.));
#2600=DIRECTION('',(0.,0.,-1.));
#2601=DIRECTION('center_axis',(0.,0.,1.));
#2602=DIRECTION('ref_axis',(-1.,0.,0.));
#2603=DIRECTION('',(0.,-1.,0.));
#2604=DIRECTION('center_axis',(0.,0.,1.));
#2605=DIRECTION('ref_axis',(1.,0.,0.));
#2606=DIRECTION('',(0.,-1.,0.));
#2607=DIRECTION('center_axis',(0.,0.,1.));
#2608=DIRECTION('ref_axis',(1.,0.,0.));
#2609=DIRECTION('center_axis',(0.,0.,1.));
#2610=DIRECTION('ref_axis',(1.,0.,0.));
#2611=DIRECTION('center_axis',(0.,0.,-1.));
#2612=DIRECTION('ref_axis',(0.,1.,0.));
#2613=DIRECTION('center_axis',(0.,0.,-1.));
#2614=DIRECTION('ref_axis',(1.,0.,0.));
#2615=DIRECTION('',(0.,1.,0.));
#2616=DIRECTION('center_axis',(1.,0.,0.));
#2617=DIRECTION('ref_axis',(0.,0.,-1.));
#2618=DIRECTION('',(0.,0.,-1.));
#2619=DIRECTION('center_axis',(1.,0.,0.));
#2620=DIRECTION('ref_axis',(0.,0.,1.));
#2621=DIRECTION('',(0.,0.,-1.));
#2622=DIRECTION('',(0.,-1.,0.));
#2623=DIRECTION('',(0.,0.,-1.));
#2624=DIRECTION('center_axis',(0.,1.,-6.86772387994128E-16));
#2625=DIRECTION('ref_axis',(0.,6.86772387994128E-16,1.));
#2626=DIRECTION('',(0.,0.,-1.));
#2627=DIRECTION('',(1.,0.,0.));
#2628=DIRECTION('',(0.,-6.86772387994128E-16,-1.));
#2629=DIRECTION('',(1.,0.,0.));
#2630=DIRECTION('center_axis',(0.,0.499999999999999,-0.866025403784439));
#2631=DIRECTION('ref_axis',(0.,0.866025403784439,0.499999999999999));
#2632=DIRECTION('center_axis',(0.,0.499999999999999,-0.866025403784439));
#2633=DIRECTION('ref_axis',(0.,-0.866025403784439,-0.499999999999999));
#2634=DIRECTION('',(0.,-0.866025403784439,-0.499999999999999));
#2635=DIRECTION('',(1.,0.,0.));
#2636=DIRECTION('center_axis',(0.,-0.500000000000001,-0.866025403784438));
#2637=DIRECTION('ref_axis',(0.,0.866025403784438,-0.500000000000001));
#2638=DIRECTION('center_axis',(0.,-0.500000000000001,-0.866025403784438));
#2639=DIRECTION('ref_axis',(0.,-0.866025403784438,0.500000000000001));
#2640=DIRECTION('',(0.,-0.866025403784438,0.500000000000001));
#2641=DIRECTION('center_axis',(1.,0.,0.));
#2642=DIRECTION('ref_axis',(0.,1.,0.));
#2643=DIRECTION('',(0.,0.,1.));
#2644=DIRECTION('',(0.,0.866025403784438,-0.500000000000001));
#2645=DIRECTION('',(0.,0.86602540378444,0.499999999999998));
#2646=DIRECTION('center_axis',(1.,0.,0.));
#2647=DIRECTION('ref_axis',(0.,1.,0.));
#2648=DIRECTION('center_axis',(0.,-0.499999999999998,0.86602540378444));
#2649=DIRECTION('ref_axis',(0.,-0.86602540378444,-0.499999999999998));
#2650=DIRECTION('center_axis',(0.,-0.499999999999998,0.86602540378444));
#2651=DIRECTION('ref_axis',(0.,-0.86602540378444,-0.499999999999999));
#2652=DIRECTION('',(1.,0.,0.));
#2653=DIRECTION('center_axis',(0.,0.500000000000001,0.866025403784438));
#2654=DIRECTION('ref_axis',(0.,-0.866025403784438,0.500000000000001));
#2655=DIRECTION('center_axis',(0.,0.500000000000001,0.866025403784438));
#2656=DIRECTION('ref_axis',(0.,-0.866025403784438,0.500000000000001));
#2657=DIRECTION('center_axis',(0.,1.,0.));
#2658=DIRECTION('ref_axis',(0.,0.,1.));
#2659=DIRECTION('',(0.,0.,-1.));
#2660=DIRECTION('',(1.,0.,0.));
#2661=DIRECTION('',(0.,0.,-1.));
#2662=DIRECTION('',(1.,0.,0.));
#2663=DIRECTION('center_axis',(0.,0.500000000000001,-0.866025403784438));
#2664=DIRECTION('ref_axis',(0.,0.866025403784438,0.500000000000001));
#2665=DIRECTION('center_axis',(0.,0.500000000000001,-0.866025403784438));
#2666=DIRECTION('ref_axis',(0.,-0.866025403784438,-0.500000000000001));
#2667=DIRECTION('',(0.,-0.866025403784438,-0.500000000000001));
#2668=DIRECTION('',(1.,0.,0.));
#2669=DIRECTION('center_axis',(0.,-0.500000000000001,-0.866025403784438));
#2670=DIRECTION('ref_axis',(0.,0.866025403784438,-0.500000000000001));
#2671=DIRECTION('center_axis',(0.,-0.500000000000001,-0.866025403784438));
#2672=DIRECTION('ref_axis',(0.,-0.866025403784438,0.500000000000001));
#2673=DIRECTION('',(0.,-0.866025403784438,0.500000000000001));
#2674=DIRECTION('center_axis',(1.,0.,0.));
#2675=DIRECTION('ref_axis',(0.,1.,0.));
#2676=DIRECTION('',(0.,0.,1.));
#2677=DIRECTION('',(0.,0.866025403784439,-0.5));
#2678=DIRECTION('',(0.,0.866025403784439,0.5));
#2679=DIRECTION('center_axis',(1.,0.,0.));
#2680=DIRECTION('ref_axis',(0.,1.,0.));
#2681=DIRECTION('center_axis',(0.,-0.5,0.866025403784439));
#2682=DIRECTION('ref_axis',(0.,-0.866025403784439,-0.5));
#2683=DIRECTION('center_axis',(0.,-0.5,0.866025403784439));
#2684=DIRECTION('ref_axis',(0.,-0.866025403784439,-0.5));
#2685=DIRECTION('',(1.,0.,0.));
#2686=DIRECTION('center_axis',(0.,0.5,0.866025403784439));
#2687=DIRECTION('ref_axis',(0.,-0.866025403784439,0.5));
#2688=DIRECTION('center_axis',(0.,0.5,0.866025403784439));
#2689=DIRECTION('ref_axis',(0.,-0.866025403784439,0.5));
#2690=DIRECTION('center_axis',(-1.,0.,0.));
#2691=DIRECTION('ref_axis',(0.,1.,0.));
#2692=DIRECTION('',(-1.,0.,0.));
#2693=DIRECTION('center_axis',(-1.,0.,0.));
#2694=DIRECTION('ref_axis',(0.,1.,0.));
#2695=DIRECTION('',(-1.,0.,0.));
#2696=DIRECTION('center_axis',(0.,0.,-1.));
#2697=DIRECTION('ref_axis',(8.32002084064852E-10,1.,0.));
#2698=DIRECTION('center_axis',(0.,0.,1.));
#2699=DIRECTION('ref_axis',(1.,0.,0.));
#2700=DIRECTION('center_axis',(0.,0.,1.));
#2701=DIRECTION('ref_axis',(1.,0.,0.));
#2702=DIRECTION('center_axis',(0.,0.,-1.));
#2703=DIRECTION('ref_axis',(1.,0.,0.));
#2704=DIRECTION('center_axis',(1.2509555207044E-15,1.,0.));
#2705=DIRECTION('ref_axis',(-1.,1.2509555207044E-15,0.));
#2706=DIRECTION('',(-1.,1.2509555207044E-15,0.));
#2707=DIRECTION('',(0.,0.,1.));
#2708=DIRECTION('center_axis',(0.,0.,1.));
#2709=DIRECTION('ref_axis',(1.,0.,0.));
#2710=DIRECTION('center_axis',(0.,0.,-1.));
#2711=DIRECTION('ref_axis',(-1.,0.,0.));
#2712=DIRECTION('center_axis',(0.,0.,1.));
#2713=DIRECTION('ref_axis',(-1.,0.,0.));
#2714=DIRECTION('center_axis',(0.,0.,-1.));
#2715=DIRECTION('ref_axis',(-1.,0.,0.));
#2716=DIRECTION('center_axis',(0.,0.,-1.));
#2717=DIRECTION('ref_axis',(-1.,0.,0.));
#2718=DIRECTION('',(0.,0.,1.));
#2719=DIRECTION('center_axis',(0.707106781186547,0.,-0.707106781186548));
#2720=DIRECTION('ref_axis',(-0.707106781186548,0.,-0.707106781186547));
#2721=DIRECTION('center_axis',(0.,0.,1.));
#2722=DIRECTION('ref_axis',(-1.,0.,0.));
#2723=DIRECTION('center_axis',(0.,-0.707106781186547,-0.707106781186548));
#2724=DIRECTION('ref_axis',(0.,-0.707106781186548,0.707106781186548));
#2725=DIRECTION('',(0.,0.,-1.));
#2726=DIRECTION('center_axis',(0.,0.,-1.));
#2727=DIRECTION('ref_axis',(-1.,0.,0.));
#2728=DIRECTION('',(0.,0.,-1.));
#2729=DIRECTION('center_axis',(0.,0.,-1.));
#2730=DIRECTION('ref_axis',(-1.,0.,0.));
#2731=DIRECTION('',(0.,0.,1.));
#2732=DIRECTION('center_axis',(0.,0.707106781186547,-0.707106781186548));
#2733=DIRECTION('ref_axis',(0.,-0.707106781186548,-0.707106781186548));
#2734=DIRECTION('center_axis',(0.,0.,1.));
#2735=DIRECTION('ref_axis',(-1.,0.,0.));
#2736=DIRECTION('center_axis',(0.707106781186547,0.,-0.707106781186548));
#2737=DIRECTION('ref_axis',(-0.707106781186548,0.,-0.707106781186547));
#2738=DIRECTION('',(0.,0.,-1.));
#2739=DIRECTION('center_axis',(0.,0.,-1.));
#2740=DIRECTION('ref_axis',(-1.,0.,0.));
#2741=DIRECTION('center_axis',(0.,0.,1.));
#2742=DIRECTION('ref_axis',(1.,0.,0.));
#2743=DIRECTION('center_axis',(0.,0.,-1.));
#2744=DIRECTION('ref_axis',(1.,0.,0.));
#2745=DIRECTION('center_axis',(0.,0.,-1.));
#2746=DIRECTION('ref_axis',(1.,0.,0.));
#2747=DIRECTION('center_axis',(0.,0.,-1.));
#2748=DIRECTION('ref_axis',(1.,0.,0.));
#2749=DIRECTION('center_axis',(0.,0.,1.));
#2750=DIRECTION('ref_axis',(1.,0.,0.));
#2751=DIRECTION('center_axis',(0.,0.,1.));
#2752=DIRECTION('ref_axis',(1.,0.,0.));
#2753=DIRECTION('',(1.,2.1891721612327E-15,0.));
#2754=DIRECTION('center_axis',(0.,0.,1.));
#2755=DIRECTION('ref_axis',(0.,-1.,0.));
#2756=DIRECTION('',(0.,1.,0.));
#2757=DIRECTION('center_axis',(0.,0.,1.));
#2758=DIRECTION('ref_axis',(1.,0.,0.));
#2759=DIRECTION('',(0.,1.,0.));
#2760=DIRECTION('',(1.,0.,0.));
#2761=DIRECTION('center_axis',(0.,0.,-1.));
#2762=DIRECTION('ref_axis',(1.,-5.69929684099157E-16,0.));
#2763=DIRECTION('',(1.5636944008805E-16,-1.,0.));
#2764=DIRECTION('',(-1.,0.,0.));
#2765=DIRECTION('',(1.,0.,0.));
#2766=DIRECTION('',(1.5636944008805E-16,-1.,0.));
#2767=DIRECTION('center_axis',(0.,0.,-1.));
#2768=DIRECTION('ref_axis',(-6.83915620918988E-16,-1.,0.));
#2769=DIRECTION('',(-1.,0.,0.));
#2770=DIRECTION('',(0.,1.,0.));
#2771=DIRECTION('center_axis',(0.,0.,-1.));
#2772=DIRECTION('ref_axis',(1.,0.,0.));
#2773=DIRECTION('center_axis',(0.,0.,-1.));
#2774=DIRECTION('ref_axis',(1.,0.,0.));
#2775=DIRECTION('center_axis',(0.,0.,1.));
#2776=DIRECTION('ref_axis',(1.,0.,0.));
#2777=DIRECTION('center_axis',(0.,0.,1.));
#2778=DIRECTION('ref_axis',(1.,0.,0.));
#2779=DIRECTION('',(1.5636944008805E-16,-1.,0.));
#2780=DIRECTION('center_axis',(0.,0.,-1.));
#2781=DIRECTION('ref_axis',(1.,-5.69929684099157E-16,0.));
#2782=DIRECTION('',(1.,0.,0.));
#2783=DIRECTION('',(0.,1.,0.));
#2784=DIRECTION('center_axis',(0.,0.,1.));
#2785=DIRECTION('ref_axis',(-1.,0.,0.));
#2786=DIRECTION('',(-1.,0.,0.));
#2787=DIRECTION('center_axis',(0.,0.,1.));
#2788=DIRECTION('ref_axis',(1.,0.,0.));
#2789=DIRECTION('',(0.,1.,0.));
#2790=DIRECTION('',(-1.,0.,0.));
#2791=DIRECTION('center_axis',(0.,0.,-1.));
#2792=DIRECTION('ref_axis',(-6.83915620918988E-16,-1.,0.));
#2793=DIRECTION('',(1.5636944008805E-16,-1.,0.));
#2794=DIRECTION('',(1.,0.,0.));
#2795=DIRECTION('center_axis',(0.,0.,1.));
#2796=DIRECTION('ref_axis',(-1.,0.,0.));
#2797=DIRECTION('center_axis',(0.,-0.707106781186547,0.707106781186548));
#2798=DIRECTION('ref_axis',(1.,0.,0.));
#2799=DIRECTION('',(1.,0.,0.));
#2800=DIRECTION('',(-1.10569891456604E-16,0.707106781186548,0.707106781186547));
#2801=DIRECTION('',(-1.,0.,0.));
#2802=DIRECTION('',(1.,0.,0.));
#2803=DIRECTION('',(-1.,0.,0.));
#2804=DIRECTION('center_axis',(0.,0.,1.));
#2805=DIRECTION('ref_axis',(-1.,0.,0.));
#2806=DIRECTION('',(1.5636944008805E-16,-1.,0.));
#2807=DIRECTION('center_axis',(0.,0.,-1.));
#2808=DIRECTION('ref_axis',(1.,-5.69929684099157E-16,0.));
#2809=DIRECTION('',(1.,0.,0.));
#2810=DIRECTION('',(0.,1.,0.));
#2811=DIRECTION('',(-1.,0.,0.));
#2812=DIRECTION('center_axis',(0.,0.,1.));
#2813=DIRECTION('ref_axis',(1.,-5.69929684099157E-16,0.));
#2814=DIRECTION('',(-1.5636944008805E-16,1.,0.));
#2815=DIRECTION('center_axis',(0.,0.,1.));
#2816=DIRECTION('ref_axis',(-1.,0.,0.));
#2817=DIRECTION('center_axis',(0.,0.,-1.));
#2818=DIRECTION('ref_axis',(-1.,0.,0.));
#2819=DIRECTION('',(0.,1.,0.));
#2820=DIRECTION('center_axis',(0.,0.707106781186547,0.707106781186548));
#2821=DIRECTION('ref_axis',(1.,0.,0.));
#2822=DIRECTION('',(-1.10569891456604E-16,0.707106781186548,-0.707106781186547));
#2823=DIRECTION('',(-1.,0.,0.));
#2824=DIRECTION('',(1.,0.,0.));
#2825=DIRECTION('',(-1.,0.,0.));
#2826=DIRECTION('',(1.,0.,0.));
#2827=DIRECTION('center_axis',(0.,0.,1.));
#2828=DIRECTION('ref_axis',(-1.,0.,0.));
#2829=DIRECTION('',(0.,1.,0.));
#2830=DIRECTION('center_axis',(0.,0.,-1.));
#2831=DIRECTION('ref_axis',(-1.,0.,0.));
#2832=DIRECTION('center_axis',(0.,0.,1.));
#2833=DIRECTION('ref_axis',(-1.,0.,0.));
#2834=DIRECTION('',(-1.5636944008805E-16,1.,0.));
#2835=DIRECTION('center_axis',(0.,0.,1.));
#2836=DIRECTION('ref_axis',(-6.83915620918988E-16,-1.,0.));
#2837=DIRECTION('',(1.,0.,0.));
#2838=DIRECTION('',(0.,1.,0.));
#2839=DIRECTION('',(-1.,0.,0.));
#2840=DIRECTION('center_axis',(0.,0.,-1.));
#2841=DIRECTION('ref_axis',(-6.83915620918988E-16,-1.,0.));
#2842=DIRECTION('',(1.5636944008805E-16,-1.,0.));
#2843=DIRECTION('center_axis',(-0.707106781186547,0.,0.707106781186548));
#2844=DIRECTION('ref_axis',(0.707106781186548,0.,0.707106781186547));
#2845=DIRECTION('',(0.,-1.,0.));
#2846=DIRECTION('',(0.707106781186548,0.,0.707106781186547));
#2847=DIRECTION('',(0.,-1.,0.));
#2848=DIRECTION('center_axis',(-0.707106781186547,0.,0.707106781186548));
#2849=DIRECTION('ref_axis',(0.707106781186548,0.,0.707106781186547));
#2850=DIRECTION('',(-0.707106781186548,0.,-0.707106781186547));
#2851=DIRECTION('',(0.,-1.,0.));
#2852=DIRECTION('',(0.,-1.,0.));
#2853=DIRECTION('center_axis',(-1.,0.,0.));
#2854=DIRECTION('ref_axis',(0.,-1.,0.));
#2855=DIRECTION('',(0.,0.,1.));
#2856=DIRECTION('center_axis',(0.,0.,1.));
#2857=DIRECTION('ref_axis',(0.,-1.,0.));
#2858=DIRECTION('',(0.,0.,1.));
#2859=DIRECTION('',(0.,0.,1.));
#2860=DIRECTION('center_axis',(1.,0.,0.));
#2861=DIRECTION('ref_axis',(0.,1.,0.));
#2862=DIRECTION('',(0.,0.,1.));
#2863=DIRECTION('center_axis',(0.,0.,1.));
#2864=DIRECTION('ref_axis',(1.,0.,0.));
#2865=DIRECTION('center_axis',(0.,0.,1.));
#2866=DIRECTION('ref_axis',(1.,0.,0.));
#2867=DIRECTION('center_axis',(0.,0.,1.));
#2868=DIRECTION('ref_axis',(1.,0.,0.));
#2869=DIRECTION('center_axis',(2.1891721612327E-15,-1.,0.));
#2870=DIRECTION('ref_axis',(1.,2.1891721612327E-15,0.));
#2871=DIRECTION('center_axis',(0.,0.,1.));
#2872=DIRECTION('ref_axis',(1.,0.,0.));
#2873=DIRECTION('center_axis',(0.,1.,0.));
#2874=DIRECTION('ref_axis',(-1.,0.,0.));
#2875=DIRECTION('',(0.,0.,-1.));
#2876=DIRECTION('',(0.,0.,-1.));
#2877=DIRECTION('center_axis',(0.,0.,1.));
#2878=DIRECTION('ref_axis',(-1.,0.,0.));
#2879=DIRECTION('',(0.,0.,-1.));
#2880=DIRECTION('center_axis',(-1.,0.,0.));
#2881=DIRECTION('ref_axis',(0.,-1.,0.));
#2882=DIRECTION('',(0.,0.,-1.));
#2883=DIRECTION('center_axis',(1.,1.5636944008805E-16,0.));
#2884=DIRECTION('ref_axis',(-1.5636944008805E-16,1.,0.));
#2885=DIRECTION('',(0.,0.,1.));
#2886=DIRECTION('',(0.,0.,1.));
#2887=DIRECTION('center_axis',(0.,0.,1.));
#2888=DIRECTION('ref_axis',(-6.83915620918988E-16,-1.,0.));
#2889=DIRECTION('',(0.,0.,1.));
#2890=DIRECTION('center_axis',(0.,-1.,0.));
#2891=DIRECTION('ref_axis',(1.,0.,0.));
#2892=DIRECTION('',(0.,0.,1.));
#2893=DIRECTION('center_axis',(0.,0.,1.));
#2894=DIRECTION('ref_axis',(-1.,0.,0.));
#2895=DIRECTION('',(0.,0.,-1.));
#2896=DIRECTION('',(0.,0.,-1.));
#2897=DIRECTION('center_axis',(0.,-1.,0.));
#2898=DIRECTION('ref_axis',(1.,0.,0.));
#2899=DIRECTION('',(0.,0.,-1.));
#2900=DIRECTION('center_axis',(1.,1.5636944008805E-16,0.));
#2901=DIRECTION('ref_axis',(-1.5636944008805E-16,1.,0.));
#2902=DIRECTION('',(0.,0.,-1.));
#2903=DIRECTION('center_axis',(0.,1.,0.));
#2904=DIRECTION('ref_axis',(-1.,0.,0.));
#2905=DIRECTION('',(0.,0.,1.));
#2906=DIRECTION('center_axis',(0.,0.,1.));
#2907=DIRECTION('ref_axis',(1.,-5.69929684099157E-16,0.));
#2908=DIRECTION('',(0.,0.,1.));
#2909=DIRECTION('center_axis',(-1.,0.,0.));
#2910=DIRECTION('ref_axis',(0.,-1.,0.));
#2911=DIRECTION('',(0.,0.,-1.));
#2912=DIRECTION('center_axis',(0.,1.,0.));
#2913=DIRECTION('ref_axis',(-1.,0.,0.));
#2914=DIRECTION('',(0.,0.,1.));
#2915=DIRECTION('center_axis',(0.,0.,1.));
#2916=DIRECTION('ref_axis',(1.,-5.69929684099157E-16,0.));
#2917=DIRECTION('center_axis',(1.,1.5636944008805E-16,0.));
#2918=DIRECTION('ref_axis',(-1.5636944008805E-16,1.,0.));
#2919=DIRECTION('',(0.,0.,1.));
#2920=DIRECTION('center_axis',(0.,-1.,0.));
#2921=DIRECTION('ref_axis',(1.,0.,0.));
#2922=DIRECTION('center_axis',(1.,1.5636944008805E-16,0.));
#2923=DIRECTION('ref_axis',(-1.5636944008805E-16,1.,0.));
#2924=DIRECTION('',(0.,0.,1.));
#2925=DIRECTION('center_axis',(0.,0.,1.));
#2926=DIRECTION('ref_axis',(-6.83915620918988E-16,-1.,0.));
#2927=DIRECTION('',(0.,0.,1.));
#2928=DIRECTION('center_axis',(0.,-1.,0.));
#2929=DIRECTION('ref_axis',(1.,0.,0.));
#2930=DIRECTION('center_axis',(-1.,0.,0.));
#2931=DIRECTION('ref_axis',(0.,-1.,0.));
#2932=DIRECTION('center_axis',(0.,1.,0.));
#2933=DIRECTION('ref_axis',(-1.,0.,0.));
#2934=CARTESIAN_POINT('',(0.,0.,0.));
#2935=CARTESIAN_POINT('Origin',(5.,-1.11022302462516E-14,-33.1464466094067));
#2936=CARTESIAN_POINT('',(4.49999999329448,-2.65329983102071,-32.2928932188134));
#2937=CARTESIAN_POINT('',(4.49999999329448,-4.37865163881251,-34.));
#2938=CARTESIAN_POINT('Ctrl Pts',(4.49999999329447,-4.37865163881248,-34.));
#2939=CARTESIAN_POINT('Ctrl Pts',(4.49999999329448,-3.30876344293228,-32.9370196968598));
#2940=CARTESIAN_POINT('Ctrl Pts',(4.49999999329448,-2.65329983102071,-32.2928932188135));
#2941=CARTESIAN_POINT('',(5.49999999329447,-4.37865164034392,-34.));
#2942=CARTESIAN_POINT('Origin',(5.,-1.11022302462516E-14,-34.));
#2943=CARTESIAN_POINT('',(5.49999999329448,-2.65329983354795,-32.2928932188134));
#2944=CARTESIAN_POINT('Ctrl Pts',(5.49999999329448,-2.65329983354698,-32.2928932188125));
#2945=CARTESIAN_POINT('Ctrl Pts',(5.49999999329448,-3.18107560508555,-32.8115403916917));
#2946=CARTESIAN_POINT('Ctrl Pts',(5.49999999329447,-4.1598486382903,-33.7826097320937));
#2947=CARTESIAN_POINT('Ctrl Pts',(5.49999999329447,-4.37865164034294,-33.9999999999991));
#2948=CARTESIAN_POINT('Origin',(5.,-1.11022302462516E-14,-32.2928932188134));
#2949=CARTESIAN_POINT('Origin',(5.,-1.11022302462516E-14,-34.));
#2950=CARTESIAN_POINT('',(4.49999999329448,-8.05950525735263,-34.));
#2951=CARTESIAN_POINT('',(4.49999999329448,-1.11022302462516E-14,-34.));
#2952=CARTESIAN_POINT('',(5.49999999329448,-8.05950525818463,-34.));
#2953=CARTESIAN_POINT('Origin',(5.,-1.11022302462516E-14,-34.));
#2954=CARTESIAN_POINT('',(5.49999999329448,-1.11022302462516E-14,-34.));
#2955=CARTESIAN_POINT('Origin',(4.49999999329448,-1.11022302462516E-14,
-16.981290429843));
#2956=CARTESIAN_POINT('',(4.49999999329772,-2.65329983103912,-15.));
#2957=CARTESIAN_POINT('',(4.49999999329448,-2.65329983102071,-12.));
#2958=CARTESIAN_POINT('',(4.49999999329448,-8.05950525735263,-15.));
#2959=CARTESIAN_POINT('',(4.49999999329448,-4.02975262867632,-15.));
#2960=CARTESIAN_POINT('',(4.49999999329448,-8.05950525735263,-12.));
#2961=CARTESIAN_POINT('',(4.49999999329448,-6.25147016312058,-18.7499999999995));
#2962=CARTESIAN_POINT('Origin',(4.49999999329448,-5.05147016312057,-18.7499999999995));
#2963=CARTESIAN_POINT('',(4.49999999329448,-6.25147016312058,-28.7499999999995));
#2964=CARTESIAN_POINT('Origin',(4.49999999329448,-5.05147016312057,-28.7499999999995));
#2965=CARTESIAN_POINT('Origin',(5.,-1.11022302462516E-14,-12.));
#2966=CARTESIAN_POINT('',(5.49999999329124,-2.65329983356636,-15.));
#2967=CARTESIAN_POINT('',(5.49999999329448,-2.65329983354795,-12.));
#2968=CARTESIAN_POINT('',(7.49999999329442,-1.01980391915712,-15.));
#2969=CARTESIAN_POINT('Origin',(5.,-1.11022302462516E-14,-15.));
#2970=CARTESIAN_POINT('',(7.49999999329442,-1.01980391915712,-14.));
#2971=CARTESIAN_POINT('',(7.49999999329448,-1.01980391915683,-12.));
#2972=CARTESIAN_POINT('',(2.49999999329453,-1.01980388628059,-14.));
#2973=CARTESIAN_POINT('Origin',(5.,-1.11022302462516E-14,-14.));
#2974=CARTESIAN_POINT('',(2.49999999329453,-1.01980388628059,-15.));
#2975=CARTESIAN_POINT('',(2.49999999329448,-1.0198038862803,-12.));
#2976=CARTESIAN_POINT('Origin',(5.,-1.11022302462516E-14,-15.));
#2977=CARTESIAN_POINT('Origin',(5.49999999329448,-1.11022302462516E-14,
-30.4999993182719));
#2978=CARTESIAN_POINT('',(5.50000000670552,-8.05950525735263,-15.));
#2979=CARTESIAN_POINT('',(5.49999999329448,-8.05950525818463,-12.));
#2980=CARTESIAN_POINT('',(5.49999999329448,-4.02975262867632,-15.));
#2981=CARTESIAN_POINT('',(5.49999999329448,-6.25147016312058,-28.7499999999995));
#2982=CARTESIAN_POINT('Origin',(5.49999999329448,-5.05147016312057,-28.7499999999995));
#2983=CARTESIAN_POINT('',(5.49999999329448,-6.25147016312058,-18.7499999999995));
#2984=CARTESIAN_POINT('Origin',(5.49999999329448,-5.05147016312057,-18.7499999999995));
#2985=CARTESIAN_POINT('Origin',(4.49999999329448,-1.11022302462516E-14,
-16.981290429843));
#2986=CARTESIAN_POINT('',(4.49999999329448,-7.7740557849415,-13.));
#2987=CARTESIAN_POINT('',(4.49999999329448,-6.77168418625377,-14.));
#2988=CARTESIAN_POINT('Ctrl Pts',(4.49999999329448,-6.7716841862525,-14.0000000000013));
#2989=CARTESIAN_POINT('Ctrl Pts',(4.49999999329448,-7.23849566012265,-13.5344558475801));
#2990=CARTESIAN_POINT('Ctrl Pts',(4.49999999329448,-7.77405578493615,-13.0000000000053));
#2991=CARTESIAN_POINT('',(4.49999999329448,-7.7740557849415,-12.));
#2992=CARTESIAN_POINT('',(4.49999999329448,-7.7740557849415,-12.));
#2993=CARTESIAN_POINT('',(4.49999999329448,-8.05950525735263,-12.));
#2994=CARTESIAN_POINT('',(4.49999999329448,-1.13797860024079E-14,-12.));
#2995=CARTESIAN_POINT('',(4.49999999329448,-8.05950525735263,-14.));
#2996=CARTESIAN_POINT('',(4.49999999329448,-8.05950525735263,-12.));
#2997=CARTESIAN_POINT('',(4.49999999329448,-1.2490009027033E-14,-14.));
#2998=CARTESIAN_POINT('Origin',(4.49999999329448,-1.11022302462516E-14,
-16.981290429843));
#2999=CARTESIAN_POINT('',(4.5,-5.87877538267964,-8.8));
#3000=CARTESIAN_POINT('',(4.5,-8.42000000000001,-8.8));
#3001=CARTESIAN_POINT('',(4.5,-4.21000000000001,-8.8));
#3002=CARTESIAN_POINT('',(4.5,-5.87877538267964,-3.3));
#3003=CARTESIAN_POINT('',(4.49999999329448,-5.87877538210932,-8.8));
#3004=CARTESIAN_POINT('',(4.5,-8.42000000000001,-3.3));
#3005=CARTESIAN_POINT('',(4.5,-6.44000000000001,-3.3));
#3006=CARTESIAN_POINT('',(4.5,-8.42000000000001,-8.8));
#3007=CARTESIAN_POINT('Origin',(0.525,-5.05147016312057,-18.7499999999995));
#3008=CARTESIAN_POINT('',(0.0499999850286695,-6.3799000543557,-17.0595047991566));
#3009=CARTESIAN_POINT('',(0.527920059058693,-6.72355010406188,-18.7499999999995));
#3010=CARTESIAN_POINT('Ctrl Pts',(0.527920059058693,-6.72355010406188,-18.7499999999995));
#3011=CARTESIAN_POINT('Ctrl Pts',(0.527920059058693,-6.72355010406188,-18.3815131190225));
#3012=CARTESIAN_POINT('Ctrl Pts',(0.454212504369094,-6.67548314401072,-18.0338268305603));
#3013=CARTESIAN_POINT('Ctrl Pts',(0.258211290717419,-6.53684661138748,-17.4809792394798));
#3014=CARTESIAN_POINT('Ctrl Pts',(0.160046420424278,-6.46528225862236,-17.2665589672485));
#3015=CARTESIAN_POINT('Ctrl Pts',(0.0499999869016066,-6.37990006742473,
-17.0595047927677));
#3016=CARTESIAN_POINT('',(0.0499999850286698,-6.3799000543557,-20.4404952008425));
#3017=CARTESIAN_POINT('Origin',(0.0499999999999998,-5.05147016312057,-18.7499999999995));
#3018=CARTESIAN_POINT('Ctrl Pts',(0.0499999869016068,-6.37990006742473,
-20.4404952072313));
#3019=CARTESIAN_POINT('Ctrl Pts',(0.160046420424278,-6.46528225862236,-20.2334410327505));
#3020=CARTESIAN_POINT('Ctrl Pts',(0.258211290717417,-6.53684661138748,-20.0190207605192));
#3021=CARTESIAN_POINT('Ctrl Pts',(0.454212504369092,-6.67548314401072,-19.4661731694387));
#3022=CARTESIAN_POINT('Ctrl Pts',(0.527920059058693,-6.72355010406188,-19.1184868809765));
#3023=CARTESIAN_POINT('Ctrl Pts',(0.527920059058693,-6.72355010406188,-18.7499999999995));
#3024=CARTESIAN_POINT('',(1.,-6.25147016312058,-18.7499999999995));
#3025=CARTESIAN_POINT('',(0.525,-6.72647016312057,-18.7499999999995));
#3026=CARTESIAN_POINT('Origin',(1.,-5.05147016312057,-18.7499999999995));
#3027=CARTESIAN_POINT('Origin',(1.,-5.05147016312057,-18.7499999999995));
#3028=CARTESIAN_POINT('Ctrl Pts',(0.0499999776426957,-6.37990006024098,
-20.4404951962177));
#3029=CARTESIAN_POINT('Ctrl Pts',(-0.17930568789222,-6.20198770443495,-20.5803028058746));
#3030=CARTESIAN_POINT('Ctrl Pts',(-0.41216560609193,-6.00102615042496,-20.6929259380449));
#3031=CARTESIAN_POINT('Ctrl Pts',(-0.850703996058458,-5.57353542214923,
-20.8474262296499));
#3032=CARTESIAN_POINT('Ctrl Pts',(-1.05710806209454,-5.34865713664104,-20.8921373111297));
#3033=CARTESIAN_POINT('Ctrl Pts',(-1.43942606439765,-4.88164759124545,-20.9059760318599));
#3034=CARTESIAN_POINT('Ctrl Pts',(-1.61534466863108,-4.63952376004971,-20.8752251357094));
#3035=CARTESIAN_POINT('Ctrl Pts',(-1.89808872300793,-4.20426664864204,-20.7365717571428));
#3036=CARTESIAN_POINT('Ctrl Pts',(-2.02110128186352,-3.99465983100157,-20.6371968836306));
#3037=CARTESIAN_POINT('Ctrl Pts',(-2.22644749351699,-3.60993443122929,-20.3625555282464));
#3038=CARTESIAN_POINT('Ctrl Pts',(-2.30929559819649,-3.43535639581801,-20.1869171158176));
#3039=CARTESIAN_POINT('Ctrl Pts',(-2.42342886848268,-3.18050323445642,-19.829217484107));
#3040=CARTESIAN_POINT('Ctrl Pts',(-2.46696964911956,-3.07500276955612,-19.6262315778688));
#3041=CARTESIAN_POINT('Ctrl Pts',(-2.52293116905643,-2.93543593832951,-19.1934011376075));
#3042=CARTESIAN_POINT('Ctrl Pts',(-2.53572132529602,-2.90147016312058,-18.9635720152919));
#3043=CARTESIAN_POINT('Ctrl Pts',(-2.53572132529602,-2.90147016312058,-18.7499999999995));
#3044=CARTESIAN_POINT('Ctrl Pts',(-2.53572132529602,-2.90147016312058,-18.5364279847071));
#3045=CARTESIAN_POINT('Ctrl Pts',(-2.52293116905643,-2.93543593832951,-18.3065988623916));
#3046=CARTESIAN_POINT('Ctrl Pts',(-2.46696964911956,-3.07500276955612,-17.8737684221302));
#3047=CARTESIAN_POINT('Ctrl Pts',(-2.42342886848268,-3.18050323445642,-17.670782515892));
#3048=CARTESIAN_POINT('Ctrl Pts',(-2.30929559819649,-3.43535639581801,-17.3130828841814));
#3049=CARTESIAN_POINT('Ctrl Pts',(-2.22644749351699,-3.60993443122929,-17.1374444717527));
#3050=CARTESIAN_POINT('Ctrl Pts',(-2.02110128186352,-3.99465983100156,-16.8628031163685));
#3051=CARTESIAN_POINT('Ctrl Pts',(-1.89808872300793,-4.20426664864204,-16.7634282428562));
#3052=CARTESIAN_POINT('Ctrl Pts',(-1.61534466863108,-4.63952376004971,-16.6247748642896));
#3053=CARTESIAN_POINT('Ctrl Pts',(-1.43942606439765,-4.88164759124545,-16.5940239681391));
#3054=CARTESIAN_POINT('Ctrl Pts',(-1.05710806209453,-5.34865713664104,-16.6078626888693));
#3055=CARTESIAN_POINT('Ctrl Pts',(-0.850703996058456,-5.57353542214923,
-16.6525737703491));
#3056=CARTESIAN_POINT('Ctrl Pts',(-0.412165606091929,-6.00102615042496,
-16.8070740619541));
#3057=CARTESIAN_POINT('Ctrl Pts',(-0.179305687892218,-6.20198770443495,
-16.9196971941244));
#3058=CARTESIAN_POINT('Ctrl Pts',(0.0499999776426975,-6.37990006024098,
-17.0595048037813));
#3059=CARTESIAN_POINT('Origin',(0.525,-5.05147016312057,-28.7499999999995));
#3060=CARTESIAN_POINT('',(0.0499999850286698,-6.3799000543557,-27.0595047991566));
#3061=CARTESIAN_POINT('',(0.527920059058693,-6.72355010406188,-28.7499999999995));
#3062=CARTESIAN_POINT('Ctrl Pts',(0.527920059058693,-6.72355010406188,-28.7499999999995));
#3063=CARTESIAN_POINT('Ctrl Pts',(0.527920059058693,-6.72355010406188,-28.3815131190225));
#3064=CARTESIAN_POINT('Ctrl Pts',(0.454212504369094,-6.67548314401072,-28.0338268305603));
#3065=CARTESIAN_POINT('Ctrl Pts',(0.258211290717419,-6.53684661138748,-27.4809792394798));
#3066=CARTESIAN_POINT('Ctrl Pts',(0.160046420424279,-6.46528225862236,-27.2665589672485));
#3067=CARTESIAN_POINT('Ctrl Pts',(0.0499999869016082,-6.37990006742473,
-27.0595047927677));
#3068=CARTESIAN_POINT('',(0.0499999850286698,-6.3799000543557,-30.4404952008425));
#3069=CARTESIAN_POINT('Origin',(0.0499999999999998,-5.05147016312057,-28.7499999999995));
#3070=CARTESIAN_POINT('Ctrl Pts',(0.0499999869016073,-6.37990006742473,
-30.4404952072313));
#3071=CARTESIAN_POINT('Ctrl Pts',(0.160046420424278,-6.46528225862236,-30.2334410327505));
#3072=CARTESIAN_POINT('Ctrl Pts',(0.258211290717416,-6.53684661138748,-30.0190207605192));
#3073=CARTESIAN_POINT('Ctrl Pts',(0.454212504369091,-6.67548314401072,-29.4661731694387));
#3074=CARTESIAN_POINT('Ctrl Pts',(0.527920059058693,-6.72355010406188,-29.1184868809765));
#3075=CARTESIAN_POINT('Ctrl Pts',(0.527920059058693,-6.72355010406188,-28.7499999999995));
#3076=CARTESIAN_POINT('',(1.,-6.25147016312058,-28.7499999999995));
#3077=CARTESIAN_POINT('',(0.525,-6.72647016312057,-28.7499999999995));
#3078=CARTESIAN_POINT('Origin',(1.,-5.05147016312057,-28.7499999999995));
#3079=CARTESIAN_POINT('Origin',(1.,-5.05147016312057,-28.7499999999995));
#3080=CARTESIAN_POINT('Ctrl Pts',(0.0499999776426952,-6.37990006024098,
-30.4404951962177));
#3081=CARTESIAN_POINT('Ctrl Pts',(-0.17930568789222,-6.20198770443495,-30.5803028058746));
#3082=CARTESIAN_POINT('Ctrl Pts',(-0.41216560609193,-6.00102615042496,-30.6929259380449));
#3083=CARTESIAN_POINT('Ctrl Pts',(-0.850703996058457,-5.57353542214923,
-30.8474262296499));
#3084=CARTESIAN_POINT('Ctrl Pts',(-1.05710806209454,-5.34865713664104,-30.8921373111297));
#3085=CARTESIAN_POINT('Ctrl Pts',(-1.43942606439765,-4.88164759124545,-30.9059760318599));
#3086=CARTESIAN_POINT('Ctrl Pts',(-1.61534466863108,-4.63952376004972,-30.8752251357094));
#3087=CARTESIAN_POINT('Ctrl Pts',(-1.89808872300793,-4.20426664864204,-30.7365717571428));
#3088=CARTESIAN_POINT('Ctrl Pts',(-2.02110128186352,-3.99465983100157,-30.6371968836306));
#3089=CARTESIAN_POINT('Ctrl Pts',(-2.22644749351699,-3.60993443122929,-30.3625555282463));
#3090=CARTESIAN_POINT('Ctrl Pts',(-2.30929559819649,-3.43535639581802,-30.1869171158176));
#3091=CARTESIAN_POINT('Ctrl Pts',(-2.42342886848268,-3.18050323445642,-29.829217484107));
#3092=CARTESIAN_POINT('Ctrl Pts',(-2.46696964911956,-3.07500276955612,-29.6262315778688));
#3093=CARTESIAN_POINT('Ctrl Pts',(-2.52293116905643,-2.93543593832951,-29.1934011376075));
#3094=CARTESIAN_POINT('Ctrl Pts',(-2.53572132529602,-2.90147016312058,-28.9635720152919));
#3095=CARTESIAN_POINT('Ctrl Pts',(-2.53572132529602,-2.90147016312058,-28.7499999999995));
#3096=CARTESIAN_POINT('Ctrl Pts',(-2.53572132529602,-2.90147016312058,-28.5364279847071));
#3097=CARTESIAN_POINT('Ctrl Pts',(-2.52293116905643,-2.93543593832951,-28.3065988623916));
#3098=CARTESIAN_POINT('Ctrl Pts',(-2.46696964911956,-3.07500276955612,-27.8737684221302));
#3099=CARTESIAN_POINT('Ctrl Pts',(-2.42342886848268,-3.18050323445642,-27.670782515892));
#3100=CARTESIAN_POINT('Ctrl Pts',(-2.30929559819649,-3.43535639581801,-27.3130828841814));
#3101=CARTESIAN_POINT('Ctrl Pts',(-2.22644749351699,-3.60993443122929,-27.1374444717527));
#3102=CARTESIAN_POINT('Ctrl Pts',(-2.02110128186352,-3.99465983100157,-26.8628031163685));
#3103=CARTESIAN_POINT('Ctrl Pts',(-1.89808872300794,-4.20426664864204,-26.7634282428562));
#3104=CARTESIAN_POINT('Ctrl Pts',(-1.61534466863108,-4.63952376004971,-26.6247748642896));
#3105=CARTESIAN_POINT('Ctrl Pts',(-1.43942606439765,-4.88164759124545,-26.5940239681391));
#3106=CARTESIAN_POINT('Ctrl Pts',(-1.05710806209454,-5.34865713664104,-26.6078626888693));
#3107=CARTESIAN_POINT('Ctrl Pts',(-0.850703996058459,-5.57353542214923,
-26.6525737703491));
#3108=CARTESIAN_POINT('Ctrl Pts',(-0.41216560609193,-6.00102615042496,-26.8070740619541));
#3109=CARTESIAN_POINT('Ctrl Pts',(-0.179305687892217,-6.20198770443495,
-26.9196971941244));
#3110=CARTESIAN_POINT('Ctrl Pts',(0.0499999776427,-6.37990006024098,-27.0595048037813));
#3111=CARTESIAN_POINT('Origin',(4.49999999329448,-8.05950525735263,-15.));
#3112=CARTESIAN_POINT('',(2.49999999329448,-7.67825663588243,-15.));
#3113=CARTESIAN_POINT('',(2.49999999329448,-8.05950525735263,-15.));
#3114=CARTESIAN_POINT('Origin',(5.,-1.11022302462516E-14,-15.));
#3115=CARTESIAN_POINT('Origin',(2.49999999329448,-5.3054877102366,-14.5));
#3116=CARTESIAN_POINT('',(2.49999999329448,-7.67825663588243,-14.));
#3117=CARTESIAN_POINT('',(2.49999999329448,-7.67825663588243,-12.));
#3118=CARTESIAN_POINT('',(2.49999999329448,-2.55147016312058,-14.));
#3119=CARTESIAN_POINT('Origin',(4.49999999329448,-5.05147016312057,-18.7499999999995));
#3120=CARTESIAN_POINT('',(4.49999999329448,-6.25147016312058,-18.7499999999995));
#3121=CARTESIAN_POINT('Origin',(4.49999999329448,-5.05147016312057,-28.7499999999995));
#3122=CARTESIAN_POINT('',(4.49999999329448,-6.25147016312058,-28.7499999999995));
#3123=CARTESIAN_POINT('Origin',(-0.878775382679629,-0.500000000000011,-8.8));
#3124=CARTESIAN_POINT('',(-0.878775382679629,-0.500000000000011,-3.3));
#3125=CARTESIAN_POINT('',(-3.42,-0.500000000000011,-3.3));
#3126=CARTESIAN_POINT('',(-0.169387691339815,-0.500000000000011,-3.3));
#3127=CARTESIAN_POINT('',(-0.878775382679629,-0.500000000000011,-8.8));
#3128=CARTESIAN_POINT('',(-0.878775382679629,-0.500000000000011,-8.8));
#3129=CARTESIAN_POINT('',(-3.42,-0.500000000000011,-8.8));
#3130=CARTESIAN_POINT('',(2.06061230866018,-0.500000000000011,-8.8));
#3131=CARTESIAN_POINT('',(-3.42,-0.500000000000011,-8.8));
#3132=CARTESIAN_POINT('Origin',(-3.42,-0.500000000000011,-8.8));
#3133=CARTESIAN_POINT('',(-3.42,-1.50000000000001,-2.3));
#3134=CARTESIAN_POINT('',(-3.42,0.624999999999989,-4.425));
#3135=CARTESIAN_POINT('',(-3.42,-3.55000000000001,-8.8));
#3136=CARTESIAN_POINT('',(-3.42,-0.25000000000001,-8.8));
#3137=CARTESIAN_POINT('',(-3.42,-3.55000000000001,-2.3));
#3138=CARTESIAN_POINT('',(-3.42,-3.55000000000001,-8.8));
#3139=CARTESIAN_POINT('',(-3.42,-2.48000000000001,-2.3));
#3140=CARTESIAN_POINT('Origin',(1.45,-3.55000000000001,-8.8));
#3141=CARTESIAN_POINT('',(-2.42,-3.55000000000001,-2.3));
#3142=CARTESIAN_POINT('',(1.45,-7.42000000000001,-2.3));
#3143=CARTESIAN_POINT('Origin',(1.45,-3.55000000000001,-2.3));
#3144=CARTESIAN_POINT('',(1.45,-7.42000000000001,-9.8));
#3145=CARTESIAN_POINT('',(1.45,-7.42000000000001,-8.8));
#3146=CARTESIAN_POINT('',(-2.42,-3.55000000000001,-9.8));
#3147=CARTESIAN_POINT('Origin',(1.45,-3.55000000000001,-9.8));
#3148=CARTESIAN_POINT('',(-2.42,-3.55000000000001,-8.8));
#3149=CARTESIAN_POINT('Origin',(1.45,-7.42000000000001,-8.8));
#3150=CARTESIAN_POINT('',(3.5,-7.42000000000001,-2.3));
#3151=CARTESIAN_POINT('',(0.994999999999999,-7.42000000000001,-2.3));
#3152=CARTESIAN_POINT('',(3.5,-7.42000000000001,-9.8));
#3153=CARTESIAN_POINT('',(3.5,-7.42000000000001,-8.8));
#3154=CARTESIAN_POINT('',(3.225,-7.42000000000001,-9.8));
#3155=CARTESIAN_POINT('Origin',(3.5,-8.42000000000001,-8.8));
#3156=CARTESIAN_POINT('',(3.50000000000001,-6.73498329619316,-2.3));
#3157=CARTESIAN_POINT('',(3.5,-6.44000000000001,-2.3));
#3158=CARTESIAN_POINT('',(3.50000000000001,-6.73498329619316,-9.8));
#3159=CARTESIAN_POINT('',(3.5,-6.73498329619311,-8.8));
#3160=CARTESIAN_POINT('',(3.5,-4.21000000000001,-9.8));
#3161=CARTESIAN_POINT('Origin',(-3.42,0.499999999999989,-8.8));
#3162=CARTESIAN_POINT('',(-3.42,0.499999999999989,-3.3));
#3163=CARTESIAN_POINT('',(-0.878775382679629,0.499999999999989,-3.3));
#3164=CARTESIAN_POINT('',(-1.44,0.499999999999989,-3.3));
#3165=CARTESIAN_POINT('',(-3.42,0.499999999999989,-8.8));
#3166=CARTESIAN_POINT('',(-3.42,0.499999999999989,-8.8));
#3167=CARTESIAN_POINT('',(-0.878775382679629,0.499999999999989,-8.8));
#3168=CARTESIAN_POINT('',(0.789999999999998,0.499999999999989,-8.8));
#3169=CARTESIAN_POINT('',(-0.878775382679629,0.499999999999989,-8.8));
#3170=CARTESIAN_POINT('Origin',(4.5,7.41999999999999,-8.8));
#3171=CARTESIAN_POINT('',(3.5,7.41999999999999,-2.3));
#3172=CARTESIAN_POINT('',(1.45,7.41999999999999,-2.3));
#3173=CARTESIAN_POINT('',(2.52,7.41999999999999,-2.3));
#3174=CARTESIAN_POINT('',(1.45,7.41999999999999,-9.8));
#3175=CARTESIAN_POINT('',(1.45,7.41999999999999,-8.8));
#3176=CARTESIAN_POINT('',(3.5,7.41999999999999,-9.8));
#3177=CARTESIAN_POINT('',(4.75,7.41999999999999,-9.8));
#3178=CARTESIAN_POINT('',(3.5,7.41999999999999,-8.8));
#3179=CARTESIAN_POINT('Origin',(1.45,3.54999999999999,-8.8));
#3180=CARTESIAN_POINT('',(-2.42,3.54999999999999,-2.3));
#3181=CARTESIAN_POINT('Origin',(1.45,3.54999999999999,-2.3));
#3182=CARTESIAN_POINT('',(-2.42,3.54999999999999,-9.8));
#3183=CARTESIAN_POINT('',(-2.42,3.54999999999999,-8.8));
#3184=CARTESIAN_POINT('Origin',(1.45,3.54999999999999,-9.8));
#3185=CARTESIAN_POINT('Origin',(-2.42,3.54999999999999,-8.8));
#3186=CARTESIAN_POINT('',(-2.42,1.49999999999999,-2.3));
#3187=CARTESIAN_POINT('',(-2.42,4.00499999999999,-2.3));
#3188=CARTESIAN_POINT('',(-2.42,1.49999999999999,-9.8));
#3189=CARTESIAN_POINT('',(-2.42,1.49999999999999,-8.8));
#3190=CARTESIAN_POINT('',(-2.42,1.77499999999999,-9.8));
#3191=CARTESIAN_POINT('Origin',(1.45,-3.55000000000001,-8.8));
#3192=CARTESIAN_POINT('',(1.45,-8.42000000000001,-2.3));
#3193=CARTESIAN_POINT('Origin',(1.45,-3.55000000000001,-2.3));
#3194=CARTESIAN_POINT('',(1.45,-8.42000000000001,-8.8));
#3195=CARTESIAN_POINT('Origin',(1.45,-3.55000000000001,-8.8));
#3196=CARTESIAN_POINT('',(1.45,-8.42000000000001,-8.8));
#3197=CARTESIAN_POINT('Origin',(1.45,-8.42000000000001,-8.8));
#3198=CARTESIAN_POINT('',(3.5,-8.42000000000001,-2.3));
#3199=CARTESIAN_POINT('',(4.8625,-8.42000000000001,-3.6625));
#3200=CARTESIAN_POINT('',(0.994999999999999,-8.42000000000001,-2.3));
#3201=CARTESIAN_POINT('',(3.225,-8.42000000000001,-8.8));
#3202=CARTESIAN_POINT('Origin',(-2.42,-0.500000000000011,-8.8));
#3203=CARTESIAN_POINT('',(-2.42,-1.50000000000001,-2.3));
#3204=CARTESIAN_POINT('',(-2.42,-2.48000000000001,-2.3));
#3205=CARTESIAN_POINT('',(-2.42,-1.50000000000001,-9.8));
#3206=CARTESIAN_POINT('',(-2.42,-0.25000000000001,-9.8));
#3207=CARTESIAN_POINT('',(-2.42,-1.50000000000001,-8.8));
#3208=CARTESIAN_POINT('Origin',(-0.878775382679629,-1.50000000000001,-8.8));
#3209=CARTESIAN_POINT('',(-1.73498329619315,-1.50000000000001,-2.3));
#3210=CARTESIAN_POINT('',(-0.169387691339815,-1.50000000000001,-2.3));
#3211=CARTESIAN_POINT('',(-1.73498329619315,-1.50000000000001,-9.8));
#3212=CARTESIAN_POINT('',(2.06061230866018,-1.50000000000001,-9.8));
#3213=CARTESIAN_POINT('',(-1.7349832961931,-1.50000000000001,-8.8));
#3214=CARTESIAN_POINT('Origin',(5.,-1.11022302462516E-14,-8.8));
#3215=CARTESIAN_POINT('Origin',(5.,-1.11022302462516E-14,-2.3));
#3216=CARTESIAN_POINT('Origin',(5.,-1.11022302462516E-14,-9.8));
#3217=CARTESIAN_POINT('Origin',(4.5,8.41999999999999,-8.8));
#3218=CARTESIAN_POINT('',(4.5,8.41999999999999,-3.3));
#3219=CARTESIAN_POINT('',(3.5,8.41999999999999,-2.3));
#3220=CARTESIAN_POINT('',(5.625,8.41999999999999,-4.425));
#3221=CARTESIAN_POINT('',(4.5,8.41999999999999,-8.8));
#3222=CARTESIAN_POINT('',(4.5,8.41999999999999,-8.8));
#3223=CARTESIAN_POINT('',(1.45,8.41999999999999,-8.8));
#3224=CARTESIAN_POINT('',(4.75,8.41999999999999,-8.8));
#3225=CARTESIAN_POINT('',(1.45,8.41999999999999,-2.3));
#3226=CARTESIAN_POINT('',(1.45,8.41999999999999,-8.8));
#3227=CARTESIAN_POINT('',(2.52,8.41999999999999,-2.3));
#3228=CARTESIAN_POINT('Origin',(1.45,3.54999999999999,-8.8));
#3229=CARTESIAN_POINT('',(-3.42,3.54999999999999,-2.3));
#3230=CARTESIAN_POINT('Origin',(1.45,3.54999999999999,-2.3));
#3231=CARTESIAN_POINT('',(-3.42,3.54999999999999,-8.8));
#3232=CARTESIAN_POINT('Origin',(1.45,3.54999999999999,-8.8));
#3233=CARTESIAN_POINT('',(-3.42,3.54999999999999,-8.8));
#3234=CARTESIAN_POINT('Origin',(-3.42,3.54999999999999,-8.8));
#3235=CARTESIAN_POINT('',(-3.42,1.49999999999999,-2.3));
#3236=CARTESIAN_POINT('',(-3.42,0.137499999999988,-3.6625));
#3237=CARTESIAN_POINT('',(-3.42,4.00499999999999,-2.3));
#3238=CARTESIAN_POINT('',(-3.42,1.77499999999999,-8.8));
#3239=CARTESIAN_POINT('Origin',(3.5,5.87877538267962,-8.8));
#3240=CARTESIAN_POINT('',(3.50000000000001,6.73498329619314,-2.3));
#3241=CARTESIAN_POINT('',(3.5,5.1693876913398,-2.3));
#3242=CARTESIAN_POINT('',(3.50000000000001,6.73498329619314,-9.8));
#3243=CARTESIAN_POINT('',(3.5,2.9393876913398,-9.8));
#3244=CARTESIAN_POINT('',(3.5,6.73498329619308,-8.8));
#3245=CARTESIAN_POINT('Origin',(5.,-1.11022302462516E-14,-8.8));
#3246=CARTESIAN_POINT('',(-1.73498329619315,1.49999999999998,-2.3));
#3247=CARTESIAN_POINT('Origin',(5.,-1.11022302462516E-14,-2.3));
#3248=CARTESIAN_POINT('',(-1.73498329619315,1.49999999999998,-9.8));
#3249=CARTESIAN_POINT('Origin',(5.,-1.11022302462516E-14,-9.8));
#3250=CARTESIAN_POINT('',(-1.7349832961931,1.49999999999999,-8.8));
#3251=CARTESIAN_POINT('Origin',(-3.42,1.49999999999999,-8.8));
#3252=CARTESIAN_POINT('',(-1.44,1.49999999999999,-2.3));
#3253=CARTESIAN_POINT('',(0.789999999999998,1.49999999999999,-9.8));
#3254=CARTESIAN_POINT('Origin',(1.44999999999999,-3.55000000000001,-12.));
#3255=CARTESIAN_POINT('',(1.44999999999999,-9.17000000000001,-11.5526804334258));
#3256=CARTESIAN_POINT('',(-4.17000000000001,-3.55000000000001,-11.5526804334258));
#3257=CARTESIAN_POINT('Ctrl Pts',(1.45000000001345,-9.17000000000001,-11.5526804334291));
#3258=CARTESIAN_POINT('Ctrl Pts',(1.34719554064314,-9.17000000000026,-11.5276462275133));
#3259=CARTESIAN_POINT('Ctrl Pts',(1.24506382376151,-9.16717527612134,-11.5036052660776));
#3260=CARTESIAN_POINT('Ctrl Pts',(0.500027649340744,-9.12654068422851,-11.3339192109651));
#3261=CARTESIAN_POINT('Ctrl Pts',(-0.191021189451752,-8.970369163406,-11.2100352171994));
#3262=CARTESIAN_POINT('Ctrl Pts',(-1.46925006176196,-8.4029713894694,-11.0473392226106));
#3263=CARTESIAN_POINT('Ctrl Pts',(-2.05630730985641,-7.9915729106804,-11.0081634565764));
#3264=CARTESIAN_POINT('Ctrl Pts',(-2.99157291068039,-7.05630730985642,-11.0081634565764));
#3265=CARTESIAN_POINT('Ctrl Pts',(-3.40297138946939,-6.46925006176197,-11.0473392226106));
#3266=CARTESIAN_POINT('Ctrl Pts',(-3.970369163406,-5.19102118945176,-11.2100352171994));
#3267=CARTESIAN_POINT('Ctrl Pts',(-4.12654068422851,-4.49997235065927,-11.3339192109651));
#3268=CARTESIAN_POINT('Ctrl Pts',(-4.16717527612109,-3.75493617624292,-11.5036052660766));
#3269=CARTESIAN_POINT('Ctrl Pts',(-4.17000000000001,-3.65280445936577,-11.5276462275112));
#3270=CARTESIAN_POINT('Ctrl Pts',(-4.17000000000001,-3.55000000000001,-11.5526804334258));
#3271=CARTESIAN_POINT('',(1.44999999999999,-9.17000000000001,-8.8));
#3272=CARTESIAN_POINT('',(1.44999999999999,-9.17000000000001,-12.));
#3273=CARTESIAN_POINT('',(-4.17000000000001,-3.55000000000001,-8.8));
#3274=CARTESIAN_POINT('Origin',(1.44999999999999,-3.55000000000001,-8.8));
#3275=CARTESIAN_POINT('',(-4.17000000000001,-3.55000000000001,-12.));
#3276=CARTESIAN_POINT('Origin',(-4.16999999999999,3.54999999999999,-12.));
#3277=CARTESIAN_POINT('',(-4.17,4.71844785465692E-15,-12.));
#3278=CARTESIAN_POINT('',(-4.16999999999999,3.54999999999999,-11.5526804334258));
#3279=CARTESIAN_POINT('Ctrl Pts',(-4.17,4.7184478546569E-15,-12.));
#3280=CARTESIAN_POINT('Ctrl Pts',(-4.17,1.71305552641353,-12.));
#3281=CARTESIAN_POINT('Ctrl Pts',(-4.17,3.54999999999893,-11.5526804334261));
#3282=CARTESIAN_POINT('Ctrl Pts',(-4.17000000000001,-3.54999999999895,-11.5526804334261));
#3283=CARTESIAN_POINT('Ctrl Pts',(-4.17,-1.71305552641353,-12.));
#3284=CARTESIAN_POINT('Ctrl Pts',(-4.17,4.7184478546569E-15,-12.));
#3285=CARTESIAN_POINT('',(-4.16999999999999,3.54999999999999,-8.8));
#3286=CARTESIAN_POINT('',(-4.16999999999999,3.54999999999999,-8.8));
#3287=CARTESIAN_POINT('',(-4.16999999999999,3.54999999999999,-12.));
#3288=CARTESIAN_POINT('Origin',(1.45000000000001,3.54999999999999,-12.));
#3289=CARTESIAN_POINT('',(1.45000000000001,9.16999999999999,-11.5526804334258));
#3290=CARTESIAN_POINT('Ctrl Pts',(-4.16999999999999,3.54999999998654,-11.5526804334291));
#3291=CARTESIAN_POINT('Ctrl Pts',(-4.17000000000024,3.65280445935684,-11.5276462275133));
#3292=CARTESIAN_POINT('Ctrl Pts',(-4.16717527612132,3.75493617623848,-11.5036052660776));
#3293=CARTESIAN_POINT('Ctrl Pts',(-4.1265406842285,4.49997235065924,-11.3339192109651));
#3294=CARTESIAN_POINT('Ctrl Pts',(-3.97036916340599,5.19102118945174,-11.2100352171994));
#3295=CARTESIAN_POINT('Ctrl Pts',(-3.40297138946938,6.46925006176194,-11.0473392226106));
#3296=CARTESIAN_POINT('Ctrl Pts',(-2.99157291068039,7.05630730985639,-11.0081634565764));
#3297=CARTESIAN_POINT('Ctrl Pts',(-2.05630730985641,7.99157291068037,-11.0081634565764));
#3298=CARTESIAN_POINT('Ctrl Pts',(-1.46925006176196,8.40297138946937,-11.0473392226106));
#3299=CARTESIAN_POINT('Ctrl Pts',(-0.191021189451752,8.97036916340598,-11.2100352171994));
#3300=CARTESIAN_POINT('Ctrl Pts',(0.500027649340742,9.12654068422849,-11.3339192109651));
#3301=CARTESIAN_POINT('Ctrl Pts',(1.2450638237571,9.16717527612108,-11.5036052660766));
#3302=CARTESIAN_POINT('Ctrl Pts',(1.34719554063424,9.16999999999999,-11.5276462275112));
#3303=CARTESIAN_POINT('Ctrl Pts',(1.45,9.16999999999999,-11.5526804334258));
#3304=CARTESIAN_POINT('',(1.45000000000001,9.16999999999999,-8.8));
#3305=CARTESIAN_POINT('Origin',(1.45000000000001,3.54999999999999,-8.8));
#3306=CARTESIAN_POINT('',(1.45000000000001,9.16999999999999,-12.));
#3307=CARTESIAN_POINT('Origin',(4.,5.1693876913398,-2.8));
#3308=CARTESIAN_POINT('',(3.5,5.70613704707483,-2.3));
#3309=CARTESIAN_POINT('',(4.5,5.87877538267962,-3.3));
#3310=CARTESIAN_POINT('Origin',(5.,-1.11022302462516E-14,-3.8));
#3311=CARTESIAN_POINT('',(4.5,5.1693876913398,-3.3));
#3312=CARTESIAN_POINT('',(3.5,5.1693876913398,-2.3));
#3313=CARTESIAN_POINT('',(3.5,5.1693876913398,-2.3));
#3314=CARTESIAN_POINT('Origin',(-0.169387691339815,-1.00000000000001,-2.8));
#3315=CARTESIAN_POINT('',(-0.706137047074842,-1.50000000000001,-2.3));
#3316=CARTESIAN_POINT('Origin',(5.,-1.11022302462516E-14,-3.8));
#3317=CARTESIAN_POINT('',(-0.169387691339815,-1.50000000000001,-2.3));
#3318=CARTESIAN_POINT('',(-0.169387691339815,-1.50000000000001,-2.3));
#3319=CARTESIAN_POINT('Origin',(0.54,4.45999999999999,-2.3));
#3320=CARTESIAN_POINT('',(-1.44,1.49999999999999,-2.3));
#3321=CARTESIAN_POINT('Origin',(0.54,4.45999999999999,-2.3));
#3322=CARTESIAN_POINT('',(-0.706137047074842,1.49999999999999,-2.3));
#3323=CARTESIAN_POINT('',(-1.44,1.49999999999999,-2.3));
#3324=CARTESIAN_POINT('Origin',(5.,-1.11022302462516E-14,-2.3));
#3325=CARTESIAN_POINT('Origin',(-1.44,0.999999999999989,-2.8));
#3326=CARTESIAN_POINT('Origin',(5.,-1.11022302462516E-14,-3.8));
#3327=CARTESIAN_POINT('Origin',(0.539999999999999,-4.46000000000001,-2.3));
#3328=CARTESIAN_POINT('',(3.5,-5.70613704707485,-2.3));
#3329=CARTESIAN_POINT('',(3.5,-6.44000000000001,-2.3));
#3330=CARTESIAN_POINT('Origin',(5.,-1.11022302462516E-14,-2.3));
#3331=CARTESIAN_POINT('Origin',(0.539999999999999,-4.46000000000001,-2.3));
#3332=CARTESIAN_POINT('',(3.5,-6.44000000000001,-2.3));
#3333=CARTESIAN_POINT('Origin',(4.,-6.44000000000001,-2.8));
#3334=CARTESIAN_POINT('Origin',(5.,-1.11022302462516E-14,-3.8));
#3335=CARTESIAN_POINT('Origin',(5.,-8.88178419700125E-15,-9.8));
#3336=CARTESIAN_POINT('Origin',(5.,-8.88178419700125E-15,-9.8));
#3337=CARTESIAN_POINT('Origin',(4.49999999329448,-1.11022302462516E-14,
-16.981290429843));
#3338=CARTESIAN_POINT('',(4.5,5.87877538267962,-8.8));
#3339=CARTESIAN_POINT('',(4.49999999329448,-1.13797860024079E-14,-8.8));
#3340=CARTESIAN_POINT('',(4.49999999329448,5.8787753821093,-8.8));
#3341=CARTESIAN_POINT('Origin',(5.,-1.11022302462516E-14,-14.));
#3342=CARTESIAN_POINT('',(7.49999999329448,-7.67825664024899,-14.));
#3343=CARTESIAN_POINT('',(7.49999999329448,-2.55147016312058,-14.));
#3344=CARTESIAN_POINT('',(5.50000000670552,-8.05950525735263,-14.));
#3345=CARTESIAN_POINT('Origin',(5.,-1.11022302462516E-14,-14.));
#3346=CARTESIAN_POINT('',(5.49999999329448,-6.771684187244,-14.));
#3347=CARTESIAN_POINT('',(5.49999999329448,-1.27573508156029,-14.));
#3348=CARTESIAN_POINT('Origin',(5.,-1.11022302462516E-14,-14.));
#3349=CARTESIAN_POINT('Origin',(5.,-1.11022302462516E-14,-14.));
#3350=CARTESIAN_POINT('Origin',(4.49999999329448,-8.05950525735263,-15.));
#3351=CARTESIAN_POINT('',(7.49999999329448,-7.67825664024899,-15.));
#3352=CARTESIAN_POINT('Origin',(5.,-1.11022302462516E-14,-15.));
#3353=CARTESIAN_POINT('',(7.49999999329448,-2.55147016312058,-15.));
#3354=CARTESIAN_POINT('Origin',(7.49999999329448,-5.3054877102366,-14.5));
#3355=CARTESIAN_POINT('',(7.49999999329448,-7.67825664024899,-12.));
#3356=CARTESIAN_POINT('Origin',(5.49999999329448,-1.11022302462516E-14,
-30.4999993182719));
#3357=CARTESIAN_POINT('',(5.49999999329448,-8.05950525818463,-12.));
#3358=CARTESIAN_POINT('',(5.49999999329448,-8.05950525818463,-12.));
#3359=CARTESIAN_POINT('',(5.49999999329448,-7.77405578580406,-12.));
#3360=CARTESIAN_POINT('',(5.49999999329448,-9.99200722162641E-15,-12.));
#3361=CARTESIAN_POINT('',(5.49999999329448,-7.77405578580406,-13.));
#3362=CARTESIAN_POINT('',(5.49999999329448,-7.77405578580405,-12.));
#3363=CARTESIAN_POINT('Ctrl Pts',(5.49999999329448,-7.77405578577618,-13.0000000000278));
#3364=CARTESIAN_POINT('Ctrl Pts',(5.49999999329448,-7.23849566104291,-13.5344558475818));
#3365=CARTESIAN_POINT('Ctrl Pts',(5.49999999329448,-6.77168418724143,-14.0000000000026));
#3366=CARTESIAN_POINT('Origin',(10.,-2.95147016312058,-29.9624355652977));
#3367=CARTESIAN_POINT('',(12.5162789248543,-2.95147016312057,-27.5375644347013));
#3368=CARTESIAN_POINT('',(12.5162789248543,-2.95147016312058,-29.9624355652977));
#3369=CARTESIAN_POINT('',(12.5162789248543,-2.95147016312056,-12.));
#3370=CARTESIAN_POINT('',(9.,-2.95147016312057,-27.5375644347013));
#3371=CARTESIAN_POINT('',(10.,-2.95147016312057,-27.5375644347013));
#3372=CARTESIAN_POINT('',(9.,-2.95147016312058,-29.9624355652977));
#3373=CARTESIAN_POINT('',(9.,-2.95147016312058,-29.9624355652977));
#3374=CARTESIAN_POINT('',(10.,-2.95147016312058,-29.9624355652977));
#3375=CARTESIAN_POINT('Origin',(10.,-5.05147016312058,-31.1748711305959));
#3376=CARTESIAN_POINT('',(11.2998630295509,-5.05147016312058,-31.1748711305959));
#3377=CARTESIAN_POINT('Origin',(5.,-1.11022302462516E-14,-28.2584034721149));
#3378=CARTESIAN_POINT('',(9.,-5.05147016312058,-31.1748711305959));
#3379=CARTESIAN_POINT('',(9.,-5.05147016312058,-31.1748711305959));
#3380=CARTESIAN_POINT('',(10.,-5.05147016312058,-31.1748711305959));
#3381=CARTESIAN_POINT('Origin',(10.,-7.15147016312058,-29.9624355652977));
#3382=CARTESIAN_POINT('',(9.,-7.01467212348518,-30.0414159503058));
#3383=CARTESIAN_POINT('Origin',(5.,-1.11022302462516E-14,-34.091338789077));
#3384=CARTESIAN_POINT('',(9.,-7.15147016312058,-29.9624355652977));
#3385=CARTESIAN_POINT('Origin',(9.,-5.05147016312057,-28.7499999999995));
#3386=CARTESIAN_POINT('',(9.,-7.01467212348518,-27.4585840496932));
#3387=CARTESIAN_POINT('',(9.,-7.01467212348518,-12.));
#3388=CARTESIAN_POINT('',(9.,-5.05147016312057,-26.3251288694031));
#3389=CARTESIAN_POINT('',(9.,-2.95147016312057,-27.5375644347013));
#3390=CARTESIAN_POINT('',(9.,-5.05147016312057,-26.3251288694031));
#3391=CARTESIAN_POINT('',(9.,-6.25147016312058,-28.7499999999995));
#3392=CARTESIAN_POINT('Origin',(9.,-5.05147016312057,-28.7499999999995));
#3393=CARTESIAN_POINT('Origin',(10.,-5.05147016312057,-26.3251288694031));
#3394=CARTESIAN_POINT('',(11.2998630295509,-5.05147016312057,-26.3251288694031));
#3395=CARTESIAN_POINT('Origin',(5.,-1.11022302462516E-14,-23.4086612109221));
#3396=CARTESIAN_POINT('',(10.,-5.05147016312057,-26.3251288694031));
#3397=CARTESIAN_POINT('Origin',(10.,-2.95147016312057,-27.5375644347013));
#3398=CARTESIAN_POINT('Origin',(5.,-1.11022302462516E-14,-29.2415965278841));
#3399=CARTESIAN_POINT('Origin',(10.,-2.95147016312058,-19.9624355652977));
#3400=CARTESIAN_POINT('',(12.5162789248543,-2.95147016312058,-17.5375644347013));
#3401=CARTESIAN_POINT('',(12.5162789248543,-2.95147016312058,-19.9624355652977));
#3402=CARTESIAN_POINT('',(12.5162789248543,-2.95147016312058,-12.));
#3403=CARTESIAN_POINT('',(9.,-2.95147016312058,-17.5375644347013));
#3404=CARTESIAN_POINT('',(10.,-2.95147016312058,-17.5375644347013));
#3405=CARTESIAN_POINT('',(9.,-2.95147016312058,-19.9624355652977));
#3406=CARTESIAN_POINT('',(9.,-2.95147016312058,-19.9624355652977));
#3407=CARTESIAN_POINT('',(10.,-2.95147016312058,-19.9624355652977));
#3408=CARTESIAN_POINT('Origin',(10.,-5.05147016312057,-21.1748711305959));
#3409=CARTESIAN_POINT('',(11.2998630295509,-5.05147016312057,-21.1748711305959));
#3410=CARTESIAN_POINT('Origin',(5.,-1.11022302462516E-14,-18.2584034721149));
#3411=CARTESIAN_POINT('',(9.,-5.05147016312057,-21.1748711305959));
#3412=CARTESIAN_POINT('',(9.,-5.05147016312057,-21.1748711305959));
#3413=CARTESIAN_POINT('',(10.,-5.05147016312057,-21.1748711305959));
#3414=CARTESIAN_POINT('Origin',(10.,-7.15147016312057,-19.9624355652977));
#3415=CARTESIAN_POINT('',(9.,-7.01467212348518,-20.0414159503058));
#3416=CARTESIAN_POINT('Origin',(5.,-1.11022302462516E-14,-24.091338789077));
#3417=CARTESIAN_POINT('',(9.,-7.15147016312057,-19.9624355652977));
#3418=CARTESIAN_POINT('Origin',(9.,-5.05147016312057,-18.7499999999995));
#3419=CARTESIAN_POINT('',(9.,-7.01467212348518,-17.4585840496932));
#3420=CARTESIAN_POINT('',(9.,-7.01467212348518,-12.));
#3421=CARTESIAN_POINT('',(9.,-5.05147016312057,-16.3251288694031));
#3422=CARTESIAN_POINT('',(9.,-2.95147016312058,-17.5375644347013));
#3423=CARTESIAN_POINT('',(9.,-5.05147016312057,-16.3251288694031));
#3424=CARTESIAN_POINT('',(9.,-6.25147016312058,-18.7499999999995));
#3425=CARTESIAN_POINT('Origin',(9.,-5.05147016312057,-18.7499999999995));
#3426=CARTESIAN_POINT('Origin',(10.,-5.05147016312057,-16.3251288694031));
#3427=CARTESIAN_POINT('',(11.2998630295509,-5.05147016312057,-16.3251288694031));
#3428=CARTESIAN_POINT('Origin',(5.,-1.11022302462516E-14,-13.4086612109221));
#3429=CARTESIAN_POINT('',(10.,-5.05147016312057,-16.3251288694031));
#3430=CARTESIAN_POINT('Origin',(10.,-2.95147016312058,-17.5375644347013));
#3431=CARTESIAN_POINT('Origin',(5.,-1.11022302462516E-14,-19.2415965278841));
#3432=CARTESIAN_POINT('Origin',(4.49999999329448,-5.05147016312057,-18.7499999999995));
#3433=CARTESIAN_POINT('',(4.49999999329448,-6.25147016312058,-18.7499999999995));
#3434=CARTESIAN_POINT('Origin',(4.49999999329448,-5.05147016312057,-28.7499999999995));
#3435=CARTESIAN_POINT('',(4.49999999329448,-6.25147016312058,-28.7499999999995));
#3436=CARTESIAN_POINT('Origin',(5.,-1.11022302462516E-14,-12.));
#3437=CARTESIAN_POINT('Origin',(5.,-1.11022302462516E-14,-12.));
#3438=CARTESIAN_POINT('Origin',(5.,-1.11022302462516E-14,-12.));
#3439=CARTESIAN_POINT('',(4.49999999329448,9.16999999999999,-11.9908123235701));
#3440=CARTESIAN_POINT('',(5.00000000000001,9.16999999999999,-12.));
#3441=CARTESIAN_POINT('Ctrl Pts',(4.49999999329448,9.16999999999999,-11.9908123235701));
#3442=CARTESIAN_POINT('Ctrl Pts',(4.75018553619872,9.16999999999999,-12.));
#3443=CARTESIAN_POINT('Ctrl Pts',(5.00000000000001,9.16999999999999,-12.));
#3444=CARTESIAN_POINT('Origin',(5.,-1.11022302462516E-14,-12.));
#3445=CARTESIAN_POINT('Ctrl Pts',(1.45000000000106,9.16999999999999,-11.5526804334261));
#3446=CARTESIAN_POINT('Ctrl Pts',(3.0270894542457,9.16999999999999,-11.9367219661263));
#3447=CARTESIAN_POINT('Ctrl Pts',(4.49999999329448,9.16999999999999,-11.9908123235701));
#3448=CARTESIAN_POINT('Origin',(8.55,9.16999999999998,-12.));
#3449=CARTESIAN_POINT('',(8.55,9.16999999999998,-8.8));
#3450=CARTESIAN_POINT('',(8.55,9.16999999999998,-8.8));
#3451=CARTESIAN_POINT('',(8.55,9.16999999999998,-11.5526804334258));
#3452=CARTESIAN_POINT('',(8.55,9.16999999999998,-12.));
#3453=CARTESIAN_POINT('Ctrl Pts',(5.00000000000001,9.16999999999999,-12.));
#3454=CARTESIAN_POINT('Ctrl Pts',(6.71305552641354,9.16999999999999,-12.));
#3455=CARTESIAN_POINT('Ctrl Pts',(8.54999999999894,9.16999999999998,-11.5526804334261));
#3456=CARTESIAN_POINT('Origin',(5.,-8.88178419700125E-15,-12.3));
#3457=CARTESIAN_POINT('',(10.9,-1.03796886347546E-14,-12.3));
#3458=CARTESIAN_POINT('Origin',(5.,-1.11022302462516E-14,-12.3));
#3459=CARTESIAN_POINT('Origin',(5.,-1.11022302462516E-14,-8.8));
#3460=CARTESIAN_POINT('Origin',(5.,-1.11022302462516E-14,-8.8));
#3461=CARTESIAN_POINT('',(5.5,-5.87877538267964,-8.8));
#3462=CARTESIAN_POINT('Origin',(5.,-1.11022302462516E-14,-8.8));
#3463=CARTESIAN_POINT('',(5.5,-5.87877538267964,-3.3));
#3464=CARTESIAN_POINT('',(5.5,-5.87877538267964,-8.8));
#3465=CARTESIAN_POINT('',(6.5,-5.70613704707485,-2.3));
#3466=CARTESIAN_POINT('Origin',(5.,-1.11022302462516E-14,-3.8));
#3467=CARTESIAN_POINT('',(10.7061370470748,-1.50000000000001,-2.3));
#3468=CARTESIAN_POINT('Origin',(5.,-1.11022302462516E-14,-2.3));
#3469=CARTESIAN_POINT('',(10.8787753826796,-0.500000000000011,-3.3));
#3470=CARTESIAN_POINT('Origin',(5.,-1.11022302462516E-14,-3.8));
#3471=CARTESIAN_POINT('',(10.8787753826796,-0.500000000000011,-8.8));
#3472=CARTESIAN_POINT('',(10.8787753826796,-0.500000000000011,-8.8));
#3473=CARTESIAN_POINT('',(10.9,-1.03796886347546E-14,-8.8));
#3474=CARTESIAN_POINT('Origin',(5.,-1.11022302462516E-14,-8.8));
#3475=CARTESIAN_POINT('',(10.9,-1.03796886347546E-14,-8.8));
#3476=CARTESIAN_POINT('',(10.8787753826796,0.499999999999989,-8.8));
#3477=CARTESIAN_POINT('Origin',(5.,-1.11022302462516E-14,-8.8));
#3478=CARTESIAN_POINT('',(10.8787753826796,0.499999999999989,-3.3));
#3479=CARTESIAN_POINT('',(10.8787753826796,0.499999999999989,-8.8));
#3480=CARTESIAN_POINT('',(10.7061370470748,1.49999999999999,-2.3));
#3481=CARTESIAN_POINT('Origin',(5.,-1.11022302462516E-14,-3.8));
#3482=CARTESIAN_POINT('',(6.5,5.70613704707483,-2.3));
#3483=CARTESIAN_POINT('Origin',(5.,-1.11022302462516E-14,-2.3));
#3484=CARTESIAN_POINT('',(5.5,5.87877538267962,-3.3));
#3485=CARTESIAN_POINT('Origin',(5.,-1.11022302462516E-14,-3.8));
#3486=CARTESIAN_POINT('',(5.5,5.87877538267962,-8.8));
#3487=CARTESIAN_POINT('',(5.5,5.87877538267962,-8.8));
#3488=CARTESIAN_POINT('Origin',(5.,-1.11022302462516E-14,-8.8));
#3489=CARTESIAN_POINT('Origin',(5.,-8.88178419700125E-15,-12.));
#3490=CARTESIAN_POINT('',(14.17,-1.11022302462516E-14,-12.));
#3491=CARTESIAN_POINT('Origin',(5.,-1.11022302462516E-14,-12.));
#3492=CARTESIAN_POINT('',(5.00000000000002,-9.17,-12.));
#3493=CARTESIAN_POINT('Origin',(5.,-1.11022302462516E-14,-12.));
#3494=CARTESIAN_POINT('Origin',(5.,-1.11022302462516E-14,-12.));
#3495=CARTESIAN_POINT('Origin',(5.,-1.11022302462516E-14,-12.));
#3496=CARTESIAN_POINT('Origin',(5.,-8.88178419700125E-15,-8.8));
#3497=CARTESIAN_POINT('',(8.55,-9.16999999999999,-8.8));
#3498=CARTESIAN_POINT('',(1.44999999999999,-9.17000000000001,-8.8));
#3499=CARTESIAN_POINT('',(14.17,-3.54999999999999,-8.8));
#3500=CARTESIAN_POINT('Origin',(8.55,-3.54999999999999,-8.8));
#3501=CARTESIAN_POINT('',(14.17,3.54999999999998,-8.8));
#3502=CARTESIAN_POINT('',(14.17,-3.54999999999999,-8.8));
#3503=CARTESIAN_POINT('Origin',(8.55,3.54999999999998,-8.8));
#3504=CARTESIAN_POINT('',(5.5,8.41999999999999,-8.8));
#3505=CARTESIAN_POINT('',(5.5,4.20999999999999,-8.8));
#3506=CARTESIAN_POINT('',(8.55,8.41999999999999,-8.8));
#3507=CARTESIAN_POINT('',(6.775,8.41999999999999,-8.8));
#3508=CARTESIAN_POINT('',(13.42,3.54999999999999,-8.8));
#3509=CARTESIAN_POINT('Origin',(8.55,3.54999999999999,-8.8));
#3510=CARTESIAN_POINT('',(13.42,0.499999999999989,-8.8));
#3511=CARTESIAN_POINT('',(13.42,0.249999999999991,-8.8));
#3512=CARTESIAN_POINT('',(7.93938769133981,0.499999999999989,-8.8));
#3513=CARTESIAN_POINT('',(13.42,-0.500000000000011,-8.8));
#3514=CARTESIAN_POINT('',(9.21,-0.500000000000011,-8.8));
#3515=CARTESIAN_POINT('',(13.42,-3.55000000000001,-8.8));
#3516=CARTESIAN_POINT('',(13.42,-1.77500000000001,-8.8));
#3517=CARTESIAN_POINT('',(8.55,-8.42000000000001,-8.8));
#3518=CARTESIAN_POINT('Origin',(8.55,-3.55000000000001,-8.8));
#3519=CARTESIAN_POINT('',(5.5,-8.42000000000001,-8.8));
#3520=CARTESIAN_POINT('',(5.25,-8.42000000000001,-8.8));
#3521=CARTESIAN_POINT('',(5.5,-2.93938769133982,-8.8));
#3522=CARTESIAN_POINT('Origin',(5.,-1.11022302462516E-14,-12.));
#3523=CARTESIAN_POINT('Origin',(5.,-1.11022302462516E-14,-13.));
#3524=CARTESIAN_POINT('Origin',(5.,-1.11022302462516E-14,-13.5));
#3525=CARTESIAN_POINT('Origin',(5.,-8.88178419700125E-15,-9.8));
#3526=CARTESIAN_POINT('',(12.42,3.54999999999999,-9.8));
#3527=CARTESIAN_POINT('',(12.42,1.49999999999999,-9.8));
#3528=CARTESIAN_POINT('',(12.42,0.24999999999999,-9.8));
#3529=CARTESIAN_POINT('',(8.55,7.41999999999999,-9.8));
#3530=CARTESIAN_POINT('Origin',(8.55,3.54999999999999,-9.8));
#3531=CARTESIAN_POINT('',(6.5,7.41999999999999,-9.8));
#3532=CARTESIAN_POINT('',(6.775,7.41999999999999,-9.8));
#3533=CARTESIAN_POINT('',(6.49999999999999,6.73498329619314,-9.8));
#3534=CARTESIAN_POINT('',(6.5,4.20999999999999,-9.8));
#3535=CARTESIAN_POINT('',(11.7349832961931,1.49999999999998,-9.8));
#3536=CARTESIAN_POINT('Origin',(5.,-1.11022302462516E-14,-9.8));
#3537=CARTESIAN_POINT('',(7.93938769133981,1.49999999999999,-9.8));
#3538=CARTESIAN_POINT('Origin',(5.,-8.88178419700125E-15,-9.8));
#3539=CARTESIAN_POINT('',(6.5,-7.42000000000001,-9.8));
#3540=CARTESIAN_POINT('',(6.49999999999999,-6.73498329619316,-9.8));
#3541=CARTESIAN_POINT('',(6.5,-2.93938769133982,-9.8));
#3542=CARTESIAN_POINT('',(8.55,-7.42000000000001,-9.8));
#3543=CARTESIAN_POINT('',(5.25,-7.42000000000001,-9.8));
#3544=CARTESIAN_POINT('',(12.42,-3.55000000000001,-9.8));
#3545=CARTESIAN_POINT('Origin',(8.55,-3.55000000000001,-9.8));
#3546=CARTESIAN_POINT('',(12.42,-1.50000000000001,-9.8));
#3547=CARTESIAN_POINT('',(12.42,-1.77500000000001,-9.8));
#3548=CARTESIAN_POINT('',(11.7349832961932,-1.5,-9.8));
#3549=CARTESIAN_POINT('',(9.21,-1.50000000000001,-9.8));
#3550=CARTESIAN_POINT('Origin',(5.,-1.11022302462516E-14,-9.8));
#3551=CARTESIAN_POINT('Origin',(10.1693876913398,0.999999999999989,-2.8));
#3552=CARTESIAN_POINT('',(13.42,0.499999999999989,-3.3));
#3553=CARTESIAN_POINT('',(10.1693876913398,0.499999999999989,-3.3));
#3554=CARTESIAN_POINT('',(13.42,1.49999999999999,-2.3));
#3555=CARTESIAN_POINT('',(13.42,-0.625000000000011,-4.425));
#3556=CARTESIAN_POINT('',(12.42,1.49999999999999,-2.3));
#3557=CARTESIAN_POINT('',(10.1693876913398,1.49999999999999,-2.3));
#3558=CARTESIAN_POINT('',(11.7349832961931,1.49999999999998,-2.3));
#3559=CARTESIAN_POINT('',(10.1693876913398,1.49999999999999,-2.3));
#3560=CARTESIAN_POINT('',(10.1693876913398,1.49999999999999,-2.3));
#3561=CARTESIAN_POINT('Origin',(9.46,4.45999999999999,-2.3));
#3562=CARTESIAN_POINT('',(13.42,3.54999999999999,-2.3));
#3563=CARTESIAN_POINT('',(13.42,2.47999999999999,-2.3));
#3564=CARTESIAN_POINT('',(8.55,8.41999999999999,-2.3));
#3565=CARTESIAN_POINT('Origin',(8.55,3.54999999999999,-2.3));
#3566=CARTESIAN_POINT('',(6.5,8.41999999999999,-2.3));
#3567=CARTESIAN_POINT('',(9.005,8.41999999999999,-2.3));
#3568=CARTESIAN_POINT('',(6.5,7.41999999999999,-2.3));
#3569=CARTESIAN_POINT('',(6.5,6.43999999999999,-2.3));
#3570=CARTESIAN_POINT('',(8.55,7.41999999999999,-2.3));
#3571=CARTESIAN_POINT('',(9.005,7.41999999999999,-2.3));
#3572=CARTESIAN_POINT('',(12.42,3.54999999999999,-2.3));
#3573=CARTESIAN_POINT('Origin',(8.55,3.54999999999999,-2.3));
#3574=CARTESIAN_POINT('',(12.42,2.47999999999999,-2.3));
#3575=CARTESIAN_POINT('Origin',(9.46,4.45999999999999,-2.3));
#3576=CARTESIAN_POINT('',(6.49999999999999,6.73498329619314,-2.3));
#3577=CARTESIAN_POINT('Origin',(5.,-1.11022302462516E-14,-2.3));
#3578=CARTESIAN_POINT('',(6.5,6.43999999999999,-2.3));
#3579=CARTESIAN_POINT('Origin',(11.44,-1.00000000000001,-2.8));
#3580=CARTESIAN_POINT('',(13.42,-1.50000000000001,-2.3));
#3581=CARTESIAN_POINT('',(13.42,-0.500000000000011,-3.3));
#3582=CARTESIAN_POINT('',(13.42,-0.137500000000011,-3.6625));
#3583=CARTESIAN_POINT('',(11.44,-0.500000000000011,-3.3));
#3584=CARTESIAN_POINT('',(11.7349832961931,-1.50000000000001,-2.3));
#3585=CARTESIAN_POINT('',(11.44,-1.50000000000001,-2.3));
#3586=CARTESIAN_POINT('',(12.42,-1.50000000000001,-2.3));
#3587=CARTESIAN_POINT('',(11.44,-1.50000000000001,-2.3));
#3588=CARTESIAN_POINT('',(11.44,-1.50000000000001,-2.3));
#3589=CARTESIAN_POINT('Origin',(9.46,-4.46000000000001,-2.3));
#3590=CARTESIAN_POINT('',(6.49999999999999,-6.73498329619316,-2.3));
#3591=CARTESIAN_POINT('',(6.5,-5.16938769133983,-2.3));
#3592=CARTESIAN_POINT('Origin',(5.,-1.11022302462516E-14,-2.3));
#3593=CARTESIAN_POINT('Origin',(9.46,-4.46000000000001,-2.3));
#3594=CARTESIAN_POINT('',(12.42,-3.55000000000001,-2.3));
#3595=CARTESIAN_POINT('',(12.42,-4.00500000000001,-2.3));
#3596=CARTESIAN_POINT('',(8.55,-7.42000000000001,-2.3));
#3597=CARTESIAN_POINT('Origin',(8.55,-3.55000000000001,-2.3));
#3598=CARTESIAN_POINT('',(6.5,-7.42000000000001,-2.3));
#3599=CARTESIAN_POINT('',(7.48,-7.42000000000001,-2.3));
#3600=CARTESIAN_POINT('',(6.5,-8.42000000000001,-2.3));
#3601=CARTESIAN_POINT('',(6.5,-5.16938769133983,-2.3));
#3602=CARTESIAN_POINT('',(8.55,-8.42000000000001,-2.3));
#3603=CARTESIAN_POINT('',(7.48,-8.42000000000001,-2.3));
#3604=CARTESIAN_POINT('',(13.42,-3.55000000000001,-2.3));
#3605=CARTESIAN_POINT('Origin',(8.55,-3.55000000000001,-2.3));
#3606=CARTESIAN_POINT('',(13.42,-4.00500000000001,-2.3));
#3607=CARTESIAN_POINT('Origin',(6.,-5.16938769133983,-2.8));
#3608=CARTESIAN_POINT('',(5.5,-8.42000000000001,-3.3));
#3609=CARTESIAN_POINT('',(5.5,-5.16938769133983,-3.3));
#3610=CARTESIAN_POINT('',(4.375,-8.42000000000001,-4.425));
#3611=CARTESIAN_POINT('',(6.5,-5.16938769133983,-2.3));
#3612=CARTESIAN_POINT('Origin',(6.,6.43999999999999,-2.8));
#3613=CARTESIAN_POINT('',(5.5,8.41999999999999,-3.3));
#3614=CARTESIAN_POINT('',(5.1375,8.41999999999999,-3.6625));
#3615=CARTESIAN_POINT('',(5.5,6.43999999999999,-3.3));
#3616=CARTESIAN_POINT('',(6.5,6.43999999999999,-2.3));
#3617=CARTESIAN_POINT('Origin',(5.5,8.41999999999999,-8.8));
#3618=CARTESIAN_POINT('',(5.5,8.41999999999999,-8.8));
#3619=CARTESIAN_POINT('Origin',(8.55,-3.54999999999999,-12.));
#3620=CARTESIAN_POINT('',(14.17,-3.54999999999999,-11.5526804334258));
#3621=CARTESIAN_POINT('',(8.55,-9.16999999999999,-11.5526804334258));
#3622=CARTESIAN_POINT('Ctrl Pts',(14.17,-3.54999999998654,-11.5526804334291));
#3623=CARTESIAN_POINT('Ctrl Pts',(14.1700000000002,-3.65280445935685,-11.5276462275133));
#3624=CARTESIAN_POINT('Ctrl Pts',(14.1671752761213,-3.7549361762385,-11.5036052660776));
#3625=CARTESIAN_POINT('Ctrl Pts',(14.1265406842285,-4.49997235065927,-11.3339192109651));
#3626=CARTESIAN_POINT('Ctrl Pts',(13.970369163406,-5.19102118945176,-11.2100352171994));
#3627=CARTESIAN_POINT('Ctrl Pts',(13.4029713894694,-6.46925006176197,-11.0473392226106));
#3628=CARTESIAN_POINT('Ctrl Pts',(12.9915729106804,-7.05630730985641,-11.0081634565764));
#3629=CARTESIAN_POINT('Ctrl Pts',(12.0563073098564,-7.99157291068039,-11.0081634565764));
#3630=CARTESIAN_POINT('Ctrl Pts',(11.469250061762,-8.40297138946938,-11.0473392226106));
#3631=CARTESIAN_POINT('Ctrl Pts',(10.1910211894517,-8.97036916340599,-11.2100352171994));
#3632=CARTESIAN_POINT('Ctrl Pts',(9.49997235065925,-9.1265406842285,-11.3339192109651));
#3633=CARTESIAN_POINT('Ctrl Pts',(8.7549361762429,-9.16717527612108,-11.5036052660766));
#3634=CARTESIAN_POINT('Ctrl Pts',(8.65280445936576,-9.16999999999999,-11.5276462275112));
#3635=CARTESIAN_POINT('Ctrl Pts',(8.55,-9.16999999999999,-11.5526804334258));
#3636=CARTESIAN_POINT('',(14.17,-3.54999999999999,-12.));
#3637=CARTESIAN_POINT('',(8.55,-9.16999999999999,-12.));
#3638=CARTESIAN_POINT('Origin',(14.17,-3.54999999999999,-12.));
#3639=CARTESIAN_POINT('Ctrl Pts',(14.17,-1.11022302462516E-14,-12.));
#3640=CARTESIAN_POINT('Ctrl Pts',(14.17,-1.71305552641353,-12.));
#3641=CARTESIAN_POINT('Ctrl Pts',(14.17,-3.54999999999894,-11.5526804334261));
#3642=CARTESIAN_POINT('',(14.17,3.54999999999998,-11.5526804334258));
#3643=CARTESIAN_POINT('Ctrl Pts',(14.17,3.54999999999893,-11.5526804334261));
#3644=CARTESIAN_POINT('Ctrl Pts',(14.17,1.71305552641352,-12.));
#3645=CARTESIAN_POINT('Ctrl Pts',(14.17,-1.11022302462516E-14,-12.));
#3646=CARTESIAN_POINT('',(14.17,3.54999999999998,-12.));
#3647=CARTESIAN_POINT('Origin',(5.,-1.11022302462516E-14,-12.));
#3648=CARTESIAN_POINT('Ctrl Pts',(8.54999999999894,-9.16999999999999,-11.5526804334261));
#3649=CARTESIAN_POINT('Ctrl Pts',(6.71305552641354,-9.17,-12.));
#3650=CARTESIAN_POINT('Ctrl Pts',(5.00000000000002,-9.17,-12.));
#3651=CARTESIAN_POINT('Origin',(8.55,3.54999999999998,-12.));
#3652=CARTESIAN_POINT('Ctrl Pts',(8.54999999998655,9.16999999999998,-11.5526804334291));
#3653=CARTESIAN_POINT('Ctrl Pts',(8.65280445935685,9.17000000000023,-11.5276462275133));
#3654=CARTESIAN_POINT('Ctrl Pts',(8.7549361762385,9.16717527612131,-11.5036052660776));
#3655=CARTESIAN_POINT('Ctrl Pts',(9.49997235065926,9.12654068422848,-11.3339192109651));
#3656=CARTESIAN_POINT('Ctrl Pts',(10.1910211894518,8.97036916340598,-11.2100352171994));
#3657=CARTESIAN_POINT('Ctrl Pts',(11.469250061762,8.40297138946936,-11.0473392226106));
#3658=CARTESIAN_POINT('Ctrl Pts',(12.0563073098564,7.99157291068037,-11.0081634565764));
#3659=CARTESIAN_POINT('Ctrl Pts',(12.9915729106804,7.0563073098564,-11.0081634565764));
#3660=CARTESIAN_POINT('Ctrl Pts',(13.4029713894694,6.46925006176195,-11.0473392226106));
#3661=CARTESIAN_POINT('Ctrl Pts',(13.970369163406,5.19102118945175,-11.2100352171994));
#3662=CARTESIAN_POINT('Ctrl Pts',(14.1265406842285,4.49997235065925,-11.3339192109651));
#3663=CARTESIAN_POINT('Ctrl Pts',(14.1671752761211,3.7549361762429,-11.5036052660766));
#3664=CARTESIAN_POINT('Ctrl Pts',(14.17,3.65280445936575,-11.5276462275112));
#3665=CARTESIAN_POINT('Ctrl Pts',(14.17,3.54999999999998,-11.5526804334258));
#3666=CARTESIAN_POINT('Origin',(5.,-1.11022302462516E-14,-12.));
#3667=CARTESIAN_POINT('Origin',(1.44999999999999,-9.17000000000001,-12.));
#3668=CARTESIAN_POINT('',(4.49999999329448,-9.17,-11.9908123235701));
#3669=CARTESIAN_POINT('Ctrl Pts',(5.00000000000002,-9.17,-12.));
#3670=CARTESIAN_POINT('Ctrl Pts',(4.75018553619873,-9.17,-12.));
#3671=CARTESIAN_POINT('Ctrl Pts',(4.49999999329448,-9.17,-11.9908123235701));
#3672=CARTESIAN_POINT('Ctrl Pts',(4.49999999329448,-9.17,-11.9908123235701));
#3673=CARTESIAN_POINT('Ctrl Pts',(3.02708945424569,-9.17,-11.9367219661263));
#3674=CARTESIAN_POINT('Ctrl Pts',(1.45000000000105,-9.17000000000001,-11.5526804334261));
#3675=CARTESIAN_POINT('Origin',(5.,-1.11022302462516E-14,-12.));
#3676=CARTESIAN_POINT('Origin',(13.42,-1.50000000000001,-8.8));
#3677=CARTESIAN_POINT('',(11.7349832961931,-1.50000000000001,-8.8));
#3678=CARTESIAN_POINT('',(12.42,-1.50000000000001,-8.8));
#3679=CARTESIAN_POINT('Origin',(5.,-1.11022302462516E-14,-8.8));
#3680=CARTESIAN_POINT('',(6.5,-6.73498329619311,-8.8));
#3681=CARTESIAN_POINT('Origin',(6.5,-5.87877538267964,-8.8));
#3682=CARTESIAN_POINT('',(6.5,-7.42000000000001,-8.8));
#3683=CARTESIAN_POINT('Origin',(13.42,-3.55000000000001,-8.8));
#3684=CARTESIAN_POINT('',(13.42,-3.55000000000001,-8.8));
#3685=CARTESIAN_POINT('',(13.42,-0.500000000000011,-8.8));
#3686=CARTESIAN_POINT('Origin',(8.55,-3.55000000000001,-8.8));
#3687=CARTESIAN_POINT('',(8.55,-8.42000000000001,-8.8));
#3688=CARTESIAN_POINT('Origin',(5.5,-8.42000000000001,-8.8));
#3689=CARTESIAN_POINT('',(5.5,-8.42000000000001,-8.8));
#3690=CARTESIAN_POINT('Origin',(5.,-1.11022302462516E-14,-8.8));
#3691=CARTESIAN_POINT('',(11.7349832961931,1.49999999999999,-8.8));
#3692=CARTESIAN_POINT('',(6.5,6.73498329619308,-8.8));
#3693=CARTESIAN_POINT('Origin',(10.8787753826796,1.49999999999999,-8.8));
#3694=CARTESIAN_POINT('',(12.42,1.49999999999999,-8.8));
#3695=CARTESIAN_POINT('Origin',(12.42,0.499999999999989,-8.8));
#3696=CARTESIAN_POINT('',(12.42,3.54999999999999,-8.8));
#3697=CARTESIAN_POINT('Origin',(8.55,8.41999999999999,-8.8));
#3698=CARTESIAN_POINT('',(8.55,8.41999999999999,-8.8));
#3699=CARTESIAN_POINT('Origin',(8.55,3.54999999999999,-8.8));
#3700=CARTESIAN_POINT('',(13.42,3.54999999999999,-8.8));
#3701=CARTESIAN_POINT('Origin',(6.5,8.41999999999999,-8.8));
#3702=CARTESIAN_POINT('',(6.5,7.41999999999999,-8.8));
#3703=CARTESIAN_POINT('Origin',(8.55,7.41999999999999,-8.8));
#3704=CARTESIAN_POINT('',(8.55,7.41999999999999,-8.8));
#3705=CARTESIAN_POINT('Origin',(8.55,3.54999999999999,-8.8));
#3706=CARTESIAN_POINT('Origin',(13.42,0.499999999999989,-8.8));
#3707=CARTESIAN_POINT('',(13.42,0.499999999999989,-8.8));
#3708=CARTESIAN_POINT('Origin',(10.8787753826796,0.499999999999989,-8.8));
#3709=CARTESIAN_POINT('Origin',(12.42,-3.55000000000001,-8.8));
#3710=CARTESIAN_POINT('',(12.42,-3.55000000000001,-8.8));
#3711=CARTESIAN_POINT('Origin',(8.55,-3.55000000000001,-8.8));
#3712=CARTESIAN_POINT('',(8.55,-7.42000000000001,-8.8));
#3713=CARTESIAN_POINT('Origin',(5.5,-7.42000000000001,-8.8));
#3714=CARTESIAN_POINT('Origin',(5.5,-5.87877538267964,-8.8));
#3715=CARTESIAN_POINT('Origin',(13.42,-0.500000000000011,-8.8));
#3716=UNCERTAINTY_MEASURE_WITH_UNIT(LENGTH_MEASURE(0.01),#3720,
'DISTANCE_ACCURACY_VALUE',
'Maximum model space distance between geometric entities at asserted c
onnectivities');
#3717=UNCERTAINTY_MEASURE_WITH_UNIT(LENGTH_MEASURE(0.01),#3720,
'DISTANCE_ACCURACY_VALUE',
'Maximum model space distance between geometric entities at asserted c
onnectivities');
#3718=(
GEOMETRIC_REPRESENTATION_CONTEXT(3)
GLOBAL_UNCERTAINTY_ASSIGNED_CONTEXT((#3716))
GLOBAL_UNIT_ASSIGNED_CONTEXT((#3720,#3722,#3723))
REPRESENTATION_CONTEXT('','3D')
);
#3719=(
GEOMETRIC_REPRESENTATION_CONTEXT(3)
GLOBAL_UNCERTAINTY_ASSIGNED_CONTEXT((#3717))
GLOBAL_UNIT_ASSIGNED_CONTEXT((#3720,#3722,#3723))
REPRESENTATION_CONTEXT('','3D')
);
#3720=(
LENGTH_UNIT()
NAMED_UNIT(*)
SI_UNIT(.MILLI.,.METRE.)
);
#3721=(
LENGTH_UNIT()
NAMED_UNIT(*)
SI_UNIT($,.METRE.)
);
#3722=(
NAMED_UNIT(*)
PLANE_ANGLE_UNIT()
SI_UNIT($,.RADIAN.)
);
#3723=(
NAMED_UNIT(*)
SI_UNIT($,.STERADIAN.)
SOLID_ANGLE_UNIT()
);
#3724=SHAPE_DEFINITION_REPRESENTATION(#3725,#3726);
#3725=PRODUCT_DEFINITION_SHAPE('',$,#3728);
#3726=SHAPE_REPRESENTATION('',(#2139),#3718);
#3727=PRODUCT_DEFINITION_CONTEXT('part definition',#3732,'design');
#3728=PRODUCT_DEFINITION('2025-11-07-21-52-30-216','capp2',#3729,#3727);
#3729=PRODUCT_DEFINITION_FORMATION('',$,#3734);
#3730=PRODUCT_RELATED_PRODUCT_CATEGORY('capp2','capp2',(#3734));
#3731=APPLICATION_PROTOCOL_DEFINITION('international standard',
'automotive_design',2009,#3732);
#3732=APPLICATION_CONTEXT(
'Core Data for Automotive Mechanical Design Process');
#3733=PRODUCT_CONTEXT('part definition',#3732,'mechanical');
#3734=PRODUCT('2025-11-07-21-52-30-216','capp2',$,(#3733));
#3735=PRESENTATION_STYLE_ASSIGNMENT((#3736));
#3736=SURFACE_STYLE_USAGE(.BOTH.,#3737);
#3737=SURFACE_SIDE_STYLE('',(#3738));
#3738=SURFACE_STYLE_FILL_AREA(#3739);
#3739=FILL_AREA_STYLE('Steel - Satin',(#3740));
#3740=FILL_AREA_STYLE_COLOUR('Steel - Satin',#3741);
#3741=COLOUR_RGB('Steel - Satin',0.627450980392157,0.627450980392157,0.627450980392157);
ENDSEC;
END-ISO-10303-21;
